vertexNum,edgeNum,iterationNum,maxEdgeDegree,minProcessEdge,percentage,sOriginalDistance,sMinEdgetoProcess,sApprAttrValues,sReduceExecution,sPartialGraphProcess,sAtomicMinBlock,sAtomicMaxBlock,sAtomicAddBlock,Error,executionTime
524288,8387658,8,25054,0,1,1,0,0,0,0,0,0,0,0,40.375
524288,8387658,8,25054,2,1,0,1,0,0,0,0,0,0,0.154244,40
524288,8387658,8,25054,3,1,0,1,0,0,0,0,0,0,0.257856,40
524288,8387658,8,25054,4,1,0,1,0,0,0,0,0,0,0.379692,40
524288,8387658,8,25054,6,1,0,1,0,0,0,0,0,0,0.614093,40
524288,8387658,8,25054,11,1,0,1,0,0,0,0,0,0,1.05891,40
524288,8387658,8,25054,17,1,0,1,0,0,0,0,0,0,2.094272,39.125
524288,8387658,8,25054,46,1,0,1,0,0,0,0,0,0,4.648962,39
524288,8387658,8,25054,48,1,0,1,0,0,0,0,0,0,5.096893,38.75
524288,8387658,8,25054,50,1,0,1,0,0,0,0,0,0,5.500188,39
524288,8387658,8,25054,53,1,0,1,0,0,0,0,0,0,5.967805,38.125
524288,8387658,8,25054,60,1,0,1,0,0,0,0,0,0,6.439765,38
524288,8387658,8,25054,132,1,0,1,0,0,0,0,0,0,7.92131,37.5
524288,8387658,8,25054,140,1,0,1,0,0,0,0,0,0,9.757592,37.75
524288,8387658,8,25054,148,1,0,1,0,0,0,0,0,0,11.7659,37
524288,8387658,8,25054,161,1,0,1,0,0,0,0,0,0,13.730715,37
524288,8387658,8,25054,442,1,0,1,0,0,0,0,0,0,20.549023,36
524288,8387658,8,25054,0,1,0,0,1,0,0,0,0,0,48.449917,41
524288,8387658,0,25054,0,1,0,0,0,1,0,0,0,0,32.065804,27
524288,8387658,1,25054,0,1,0,0,0,1,0,0,0,0,0.020829,38
524288,8387658,2,25054,0,1,0,0,0,1,0,0,0,0,0.003004,39
524288,8387658,3,25054,0,1,0,0,0,1,0,0,0,0,0.003921,40.875
524288,8387658,4,25054,0,1,0,0,0,1,0,0,0,0,0.003103,41
524288,8387658,5,25054,0,1,0,0,0,1,0,0,0,0,0.00372,41
524288,8387658,6,25054,0,1,0,0,0,1,0,0,0,0,0.002803,41
524288,8387658,7,25054,0,1,0,0,0,1,0,0,0,0,0.002786,41
524288,8387658,8,25054,0,1,0,0,0,1,0,0,0,0,0.004376,41.125
1048576,16776067,7,39530,0,1,1,0,0,0,0,0,0,0,0,69.375
1048576,16776067,7,39530,2,1,0,1,0,0,0,0,0,0,0.144834,69.875
1048576,16776067,7,39530,4,1,0,1,0,0,0,0,0,0,0.332571,69.25
1048576,16776067,7,39530,6,1,0,1,0,0,0,0,0,0,0.564887,67
1048576,16776067,7,39530,9,1,0,1,0,0,0,0,0,0,0.941698,67.625
1048576,16776067,7,39530,20,1,0,1,0,0,0,0,0,0,1.836165,68.125
1048576,16776067,7,39530,60,1,0,1,0,0,0,0,0,0,3.873762,64.375
1048576,16776067,7,39530,64,1,0,1,0,0,0,0,0,0,4.47904,61.875
1048576,16776067,7,39530,67,1,0,1,0,0,0,0,0,0,5.087782,61.25
1048576,16776067,7,39530,70,1,0,1,0,0,0,0,0,0,5.746547,66
1048576,16776067,7,39530,73,1,0,1,0,0,0,0,0,0,6.371378,60.875
1048576,16776067,7,39530,77,1,0,1,0,0,0,0,0,0,7.01767,63.25
1048576,16776067,7,39530,92,1,0,1,0,0,0,0,0,0,7.775328,65.875
1048576,16776067,7,39530,209,1,0,1,0,0,0,0,0,0,10.311871,64.875
1048576,16776067,7,39530,222,1,0,1,0,0,0,0,0,0,13.174449,61.125
1048576,16776067,7,39530,641,1,0,1,0,0,0,0,0,0,17.577549,58.75
1048576,16776067,7,39530,0,1,0,0,1,0,0,0,0,0,50.549,69.5
1048576,16776067,0,39530,0,1,0,0,0,1,0,0,0,0,32.440475,48.125
1048576,16776067,1,39530,0,1,0,0,0,1,0,0,0,0,0.016524,64.5
1048576,16776067,2,39530,0,1,0,0,0,1,0,0,0,0,0.001275,66.125
1048576,16776067,3,39530,0,1,0,0,0,1,0,0,0,0,0.001262,68.25
1048576,16776067,4,39530,0,1,0,0,0,1,0,0,0,0,0.001073,67.25
1048576,16776067,5,39530,0,1,0,0,0,1,0,0,0,0,0.001091,69.5
1048576,16776067,6,39530,0,1,0,0,0,1,0,0,0,0,0.000757,66.875
1048576,16776067,7,39530,0,1,0,0,0,1,0,0,0,0,0.001283,67.5
2097152,33552951,8,62389,0,1,1,0,0,0,0,0,0,0,0,134.5
2097152,33552951,8,62389,2,1,0,1,0,0,0,0,0,0,0.128584,129.625
2097152,33552951,8,62389,4,1,0,1,0,0,0,0,0,0,0.312895,131.75
2097152,33552951,8,62389,6,1,0,1,0,0,0,0,0,0,0.479983,131.75
2097152,33552951,8,62389,10,1,0,1,0,0,0,0,0,0,0.904853,129.5
2097152,33552951,8,62389,16,1,0,1,0,0,0,0,0,0,1.480275,127.125
2097152,33552951,8,62389,38,1,0,1,0,0,0,0,0,0,3.530488,126.25
2097152,33552951,8,62389,40,1,0,1,0,0,0,0,0,0,3.750883,126.125
2097152,33552951,8,62389,46,1,0,1,0,0,0,0,0,0,4.049152,124.875
2097152,33552951,8,62389,94,1,0,1,0,0,0,0,0,0,4.792869,123
2097152,33552951,8,62389,100,1,0,1,0,0,0,0,0,0,5.662713,121.75
2097152,33552951,8,62389,105,1,0,1,0,0,0,0,0,0,6.602863,120.75
2097152,33552951,8,62389,111,1,0,1,0,0,0,0,0,0,7.706992,119.875
2097152,33552951,8,62389,120,1,0,1,0,0,0,0,0,0,8.739967,120
2097152,33552951,8,62389,320,1,0,1,0,0,0,0,0,0,11.813793,118
2097152,33552951,8,62389,346,1,0,1,0,0,0,0,0,0,16.265512,112.875
2097152,33552951,8,62389,0,1,0,0,1,0,0,0,0,0,52.611115,132.25
2097152,33552951,0,62389,0,1,0,0,0,1,0,0,0,0,31.421837,81.125
2097152,33552951,1,62389,0,1,0,0,0,1,0,0,0,0,0.014152,123.5
2097152,33552951,2,62389,0,1,0,0,0,1,0,0,0,0,0.000576,128.125
2097152,33552951,3,62389,0,1,0,0,0,1,0,0,0,0,0.00052,134.375
2097152,33552951,4,62389,0,1,0,0,0,1,0,0,0,0,0.000594,134.75
2097152,33552951,5,62389,0,1,0,0,0,1,0,0,0,0,0.000432,134.875
2097152,33552951,6,62389,0,1,0,0,0,1,0,0,0,0,0.00047,134.875
2097152,33552951,7,62389,0,1,0,0,0,1,0,0,0,0,0.000556,136.375
2097152,33552951,8,62389,0,1,0,0,0,1,0,0,0,0,0.000394,135.625
4194304,67107074,8,97859,0,1,1,0,0,0,0,0,0,0,0,250
4194304,67107074,8,97859,2,1,0,1,0,0,0,0,0,0,0.12004,248.25
4194304,67107074,8,97859,4,1,0,1,0,0,0,0,0,0,0.299244,245.875
4194304,67107074,8,97859,5,1,0,1,0,0,0,0,0,0,0.398604,246
4194304,67107074,8,97859,9,1,0,1,0,0,0,0,0,0,0.693773,237.25
4194304,67107074,8,97859,17,1,0,1,0,0,0,0,0,0,1.482025,234.25
4194304,67107074,8,97859,49,1,0,1,0,0,0,0,0,0,3.266436,232.75
4194304,67107074,8,97859,51,1,0,1,0,0,0,0,0,0,3.600928,233.25
4194304,67107074,8,97859,54,1,0,1,0,0,0,0,0,0,4.074815,232.875
4194304,67107074,8,97859,57,1,0,1,0,0,0,0,0,0,4.457438,226
4194304,67107074,8,97859,61,1,0,1,0,0,0,0,0,0,4.782662,226.125
4194304,67107074,8,97859,144,1,0,1,0,0,0,0,0,0,5.627945,223.375
4194304,67107074,8,97859,155,1,0,1,0,0,0,0,0,0,7.053675,221.75
4194304,67107074,8,97859,164,1,0,1,0,0,0,0,0,0,8.608984,219.25
4194304,67107074,8,97859,178,1,0,1,0,0,0,0,0,0,10.145591,215.625
4194304,67107074,8,97859,502,1,0,1,0,0,0,0,0,0,15.38212,207.375
4194304,67107074,8,97859,0,1,0,0,1,0,0,0,0,0,54.651077,247.375
4194304,67107074,0,97859,0,1,0,0,0,1,0,0,0,0,31.539211,142.5
4194304,67107074,1,97859,0,1,0,0,0,1,0,0,0,0,0.012825,226.5
4194304,67107074,2,97859,0,1,0,0,0,1,0,0,0,0,0.00019,234.5
4194304,67107074,3,97859,0,1,0,0,0,1,0,0,0,0,0.000176,246.125
4194304,67107074,4,97859,0,1,0,0,0,1,0,0,0,0,0.000253,247.25
4194304,67107074,5,97859,0,1,0,0,0,1,0,0,0,0,0.000181,247.75
4194304,67107074,6,97859,0,1,0,0,0,1,0,0,0,0,0.000221,247.75
4194304,67107074,7,97859,0,1,0,0,0,1,0,0,0,0,0.000195,250.875
4194304,67107074,8,97859,0,1,0,0,0,1,0,0,0,0,0.000221,251.125
8388608,134215417,8,153106,0,1,1,0,0,0,0,0,0,0,0,449.75
8388608,134215417,8,153106,2,1,0,1,0,0,0,0,0,0,0.114691,436.375
8388608,134215417,8,153106,3,1,0,1,0,0,0,0,0,0,0.189417,435.625
8388608,134215417,8,153106,6,1,0,1,0,0,0,0,0,0,0.427817,436
8388608,134215417,8,153106,9,1,0,1,0,0,0,0,0,0,0.725139,431.625
8388608,134215417,8,153106,20,1,0,1,0,0,0,0,0,0,1.254463,422.375
8388608,134215417,8,153106,59,1,0,1,0,0,0,0,0,0,2.679694,402.625
8388608,134215417,8,153106,68,1,0,1,0,0,0,0,0,0,3.142168,403
8388608,134215417,8,153106,72,1,0,1,0,0,0,0,0,0,3.602237,400.25
8388608,134215417,8,153106,76,1,0,1,0,0,0,0,0,0,4.191739,396.75
8388608,134215417,8,153106,79,1,0,1,0,0,0,0,0,0,4.644034,396.125
8388608,134215417,8,153106,84,1,0,1,0,0,0,0,0,0,5.284801,394.75
8388608,134215417,8,153106,92,1,0,1,0,0,0,0,0,0,5.818769,392
8388608,134215417,8,153106,232,1,0,1,0,0,0,0,0,0,7.559482,382.625
8388608,134215417,8,153106,248,1,0,1,0,0,0,0,0,0,9.914836,377.625
8388608,134215417,8,153106,732,1,0,1,0,0,0,0,0,0,13.390586,362.625
8388608,134215417,8,153106,0,1,0,0,1,0,0,0,0,0,56.36475,449.75
8388608,134215417,0,153106,0,1,0,0,0,1,0,0,0,0,30.84177,250.375
8388608,134215417,1,153106,0,1,0,0,0,1,0,0,0,0,0.011251,401.75
8388608,134215417,2,153106,0,1,0,0,0,1,0,0,0,0,0.000082,421.75
8388608,134215417,3,153106,0,1,0,0,0,1,0,0,0,0,0.000082,443.375
8388608,134215417,4,153106,0,1,0,0,0,1,0,0,0,0,0.000039,448.875
8388608,134215417,5,153106,0,1,0,0,0,1,0,0,0,0,0.00007,447.125
8388608,134215417,6,153106,0,1,0,0,0,1,0,0,0,0,0.000055,450.125
8388608,134215417,7,153106,0,1,0,0,0,1,0,0,0,0,0.000157,451.5
8388608,134215417,8,153106,0,1,0,0,0,1,0,0,0,0,0.000085,451.625
16777216,268432497,8,238592,0,1,1,0,0,0,0,0,0,0,0,830.625
16777216,268432497,8,238592,2,1,0,1,0,0,0,0,0,0,0.10355,814.375
16777216,268432497,8,238592,3,1,0,1,0,0,0,0,0,0,0.178429,808.625
16777216,268432497,8,238592,5,1,0,1,0,0,0,0,0,0,0.327853,819.125
16777216,268432497,8,238592,10,1,0,1,0,0,0,0,0,0,0.660467,800.125
16777216,268432497,8,238592,15,1,0,1,0,0,0,0,0,0,1.123727,778.375
16777216,268432497,8,238592,40,1,0,1,0,0,0,0,0,0,2.627171,767.375
16777216,268432497,8,238592,42,1,0,1,0,0,0,0,0,0,2.829896,764
16777216,268432497,8,238592,45,1,0,1,0,0,0,0,0,0,3.04454,758.875
16777216,268432497,8,238592,99,1,0,1,0,0,0,0,0,0,3.419394,738.375
16777216,268432497,8,238592,109,1,0,1,0,0,0,0,0,0,4.141856,732.625
16777216,268432497,8,238592,115,1,0,1,0,0,0,0,0,0,4.903471,741
16777216,268432497,8,238592,121,1,0,1,0,0,0,0,0,0,5.708277,721.625
16777216,268432497,8,238592,130,1,0,1,0,0,0,0,0,0,6.567037,716.375
16777216,268432497,8,238592,357,1,0,1,0,0,0,0,0,0,8.841714,698.375
16777216,268432497,8,238592,387,1,0,1,0,0,0,0,0,0,12.36566,670.25
16777216,268432497,8,238592,0,1,0,0,1,0,0,0,0,0,57.178688,830.25
16777216,268432497,0,238592,0,1,0,0,0,1,0,0,0,0,30.397215,444.375
16777216,268432497,1,238592,0,1,0,0,0,1,0,0,0,0,0.010094,748.875
16777216,268432497,2,238592,0,1,0,0,0,1,0,0,0,0,0.000026,780.875
16777216,268432497,3,238592,0,1,0,0,0,1,0,0,0,0,0.000033,829
16777216,268432497,4,238592,0,1,0,0,0,1,0,0,0,0,0.000026,825.25
16777216,268432497,5,238592,0,1,0,0,0,1,0,0,0,0,0.000062,830.75
16777216,268432497,6,238592,0,1,0,0,0,1,0,0,0,0,0.000043,832.25
16777216,268432497,7,238592,0,1,0,0,0,1,0,0,0,0,0.000044,844.125
16777216,268432497,8,238592,0,1,0,0,0,1,0,0,0,0,0.000044,841.75
33554432,536867396,7,372162,0,1,1,0,0,0,0,0,0,0,0,1453.75
33554432,536867396,7,372162,2,1,0,1,0,0,0,0,0,0,0.096048,1487.125
33554432,536867396,7,372162,3,1,0,1,0,0,0,0,0,0,0.158912,1487.875
33554432,536867396,7,372162,5,1,0,1,0,0,0,0,0,0,0.305325,1450.5
33554432,536867396,7,372162,8,1,0,1,0,0,0,0,0,0,0.512259,1478.75
33554432,536867396,7,372162,17,1,0,1,0,0,0,0,0,0,1.038688,1473.375
33554432,536867396,7,372162,53,1,0,1,0,0,0,0,0,0,2.430882,1405.375
33554432,536867396,7,372162,55,1,0,1,0,0,0,0,0,0,2.661208,1389
33554432,536867396,7,372162,58,1,0,1,0,0,0,0,0,0,3.014241,1384.75
33554432,536867396,7,372162,61,1,0,1,0,0,0,0,0,0,3.331477,1391.625
33554432,536867396,7,372162,65,1,0,1,0,0,0,0,0,0,3.634895,1357.875
33554432,536867396,7,372162,153,1,0,1,0,0,0,0,0,0,4.048411,1327.25
33554432,536867396,7,372162,170,1,0,1,0,0,0,0,0,0,5.153833,1266.875
33554432,536867396,7,372162,180,1,0,1,0,0,0,0,0,0,6.360702,1289.5
33554432,536867396,7,372162,195,1,0,1,0,0,0,0,0,0,7.662952,1238.125
33554432,536867396,7,372162,561,1,0,1,0,0,0,0,0,0,11.665973,1199.5
33554432,536867396,7,372162,0,1,0,0,1,0,0,0,0,0,50,1558.375
33554432,536867396,0,372162,0,1,0,0,0,1,0,0,0,0,29.917101,758.5
33554432,536867396,1,372162,0,1,0,0,0,1,0,0,0,0,0.008911,1351.375
33554432,536867396,2,372162,0,1,0,0,0,1,0,0,0,0,0.000032,1415.25
33554432,536867396,3,372162,0,1,0,0,0,1,0,0,0,0,0.000017,1501
33554432,536867396,4,372162,0,1,0,0,0,1,0,0,0,0,0.000021,1487.875
33554432,536867396,5,372162,0,1,0,0,0,1,0,0,0,0,0.00002,1492
33554432,536867396,6,372162,0,1,0,0,0,1,0,0,0,0,0.000016,1521.875
33554432,536867396,7,372162,0,1,0,0,0,1,0,0,0,0,0.000011,1528
524288,7968035,0,25054,2,1,0,1,0,1,0,0,0,0,32.072178,27.125
524288,7968035,1,25054,2,1,0,1,0,1,0,0,0,0,0.165856,37
524288,7968035,2,25054,2,1,0,1,0,1,0,0,0,0,0.151353,33.875
524288,7968035,3,25054,2,1,0,1,0,1,0,0,0,0,0.151353,32.125
524288,7968035,4,25054,2,1,0,1,0,1,0,0,0,0,0.151353,32
524288,7968035,5,25054,2,1,0,1,0,1,0,0,0,0,0.151353,39.75
524288,7968035,6,25054,2,1,0,1,0,1,0,0,0,0,0.151353,37
524288,7968035,7,25054,2,1,0,1,0,1,0,0,0,0,0.151353,36.375
524288,7968035,8,25054,2,1,0,1,0,1,0,0,0,0,0.151353,36.5
524288,7968035,0,25054,3,1,0,1,0,1,0,0,0,0,32.077934,23.75
524288,7968035,1,25054,3,1,0,1,0,1,0,0,0,0,0.267885,33
524288,7968035,2,25054,3,1,0,1,0,1,0,0,0,0,0.255608,34.375
524288,7968035,3,25054,3,1,0,1,0,1,0,0,0,0,0.255608,35.125
524288,7968035,4,25054,3,1,0,1,0,1,0,0,0,0,0.255608,35.5
524288,7968035,5,25054,3,1,0,1,0,1,0,0,0,0,0.255608,39.25
524288,7968035,6,25054,3,1,0,1,0,1,0,0,0,0,0.255608,40
524288,7968035,7,25054,3,1,0,1,0,1,0,0,0,0,0.255608,40
524288,7968035,8,25054,3,1,0,1,0,1,0,0,0,0,0.255608,40
524288,7968035,0,25054,4,1,0,1,0,1,0,0,0,0,32.08493,27
524288,7968035,1,25054,4,1,0,1,0,1,0,0,0,0,0.387052,37.25
524288,7968035,2,25054,4,1,0,1,0,1,0,0,0,0,0.37686,38.625
524288,7968035,3,25054,4,1,0,1,0,1,0,0,0,0,0.37686,39.75
524288,7968035,4,25054,4,1,0,1,0,1,0,0,0,0,0.37686,39.75
524288,7968035,5,25054,4,1,0,1,0,1,0,0,0,0,0.37686,40.25
524288,7968035,6,25054,4,1,0,1,0,1,0,0,0,0,0.37686,40.875
524288,7968035,7,25054,4,1,0,1,0,1,0,0,0,0,0.37686,40.75
524288,7968035,8,25054,4,1,0,1,0,1,0,0,0,0,0.37686,40.75
524288,7968035,0,25054,6,1,0,1,0,1,0,0,0,0,32.105412,27.125
524288,7968035,1,25054,6,1,0,1,0,1,0,0,0,0,0.61807,38
524288,7968035,2,25054,6,1,0,1,0,1,0,0,0,0,0.611287,39.25
524288,7968035,3,25054,6,1,0,1,0,1,0,0,0,0,0.611287,40.125
524288,7968035,4,25054,6,1,0,1,0,1,0,0,0,0,0.611287,40.25
524288,7968035,5,25054,6,1,0,1,0,1,0,0,0,0,0.611287,40.375
524288,7968035,6,25054,6,1,0,1,0,1,0,0,0,0,0.611287,40.875
524288,7968035,7,25054,6,1,0,1,0,1,0,0,0,0,0.611287,41
524288,7968035,8,25054,6,1,0,1,0,1,0,0,0,0,0.611287,41
524288,7968035,0,25054,11,1,0,1,0,1,0,0,0,0,32.169296,27.375
524288,7968035,1,25054,11,1,0,1,0,1,0,0,0,0,1.060442,38.125
524288,7968035,2,25054,11,1,0,1,0,1,0,0,0,0,1.056086,39.25
524288,7968035,3,25054,11,1,0,1,0,1,0,0,0,0,1.056086,40.25
524288,7968035,4,25054,11,1,0,1,0,1,0,0,0,0,1.056086,40.5
524288,7968035,5,25054,11,1,0,1,0,1,0,0,0,0,1.056086,40.5
524288,7968035,6,25054,11,1,0,1,0,1,0,0,0,0,1.056086,40.875
524288,7968035,7,25054,11,1,0,1,0,1,0,0,0,0,1.056086,40.75
524288,7968035,8,25054,11,1,0,1,0,1,0,0,0,0,1.056086,40.875
524288,7968035,0,25054,17,1,0,1,0,1,0,0,0,0,32.353302,27.5
524288,7968035,1,25054,17,1,0,1,0,1,0,0,0,0,2.093401,37.875
524288,7968035,2,25054,17,1,0,1,0,1,0,0,0,0,2.091799,39.375
524288,7968035,3,25054,17,1,0,1,0,1,0,0,0,0,2.091799,39.5
524288,7968035,4,25054,17,1,0,1,0,1,0,0,0,0,2.091799,39.125
524288,7968035,5,25054,17,1,0,1,0,1,0,0,0,0,2.091799,39.875
524288,7968035,6,25054,17,1,0,1,0,1,0,0,0,0,2.091799,40
524288,7968035,7,25054,17,1,0,1,0,1,0,0,0,0,2.091799,39.875
524288,7968035,8,25054,17,1,0,1,0,1,0,0,0,0,2.091799,39.875
524288,7968035,0,25054,46,1,0,1,0,1,0,0,0,0,33.216267,27.5
524288,7968035,1,25054,46,1,0,1,0,1,0,0,0,0,4.646288,37.25
524288,7968035,2,25054,46,1,0,1,0,1,0,0,0,0,4.646204,39.125
524288,7968035,3,25054,46,1,0,1,0,1,0,0,0,0,4.646204,39.25
524288,7968035,4,25054,46,1,0,1,0,1,0,0,0,0,4.646204,39.125
524288,7968035,5,25054,46,1,0,1,0,1,0,0,0,0,4.646204,39.5
524288,7968035,6,25054,46,1,0,1,0,1,0,0,0,0,4.646204,40
524288,7968035,7,25054,46,1,0,1,0,1,0,0,0,0,4.646204,39.25
524288,7968035,8,25054,46,1,0,1,0,1,0,0,0,0,4.646204,39.625
524288,7968035,0,25054,48,1,0,1,0,1,0,0,0,0,33.382885,27.125
524288,7968035,1,25054,48,1,0,1,0,1,0,0,0,0,5.093983,37.125
524288,7968035,2,25054,48,1,0,1,0,1,0,0,0,0,5.093924,39.125
524288,7968035,3,25054,48,1,0,1,0,1,0,0,0,0,5.093924,39.125
524288,7968035,4,25054,48,1,0,1,0,1,0,0,0,0,5.093924,38.875
524288,7968035,5,25054,48,1,0,1,0,1,0,0,0,0,5.093924,39.75
524288,7968035,6,25054,48,1,0,1,0,1,0,0,0,0,5.093924,39.125
524288,7968035,7,25054,48,1,0,1,0,1,0,0,0,0,5.093924,39.375
524288,7968035,8,25054,48,1,0,1,0,1,0,0,0,0,5.093924,39.5
524288,7968035,0,25054,50,1,0,1,0,1,0,0,0,0,33.540379,27.5
524288,7968035,1,25054,50,1,0,1,0,1,0,0,0,0,5.49875,37.25
524288,7968035,2,25054,50,1,0,1,0,1,0,0,0,0,5.49869,38.625
524288,7968035,3,25054,50,1,0,1,0,1,0,0,0,0,5.49869,39
524288,7968035,4,25054,50,1,0,1,0,1,0,0,0,0,5.49869,39
524288,7968035,5,25054,50,1,0,1,0,1,0,0,0,0,5.49869,39.375
524288,7968035,6,25054,50,1,0,1,0,1,0,0,0,0,5.49869,39.5
524288,7968035,7,25054,50,1,0,1,0,1,0,0,0,0,5.49869,39.125
524288,7968035,8,25054,50,1,0,1,0,1,0,0,0,0,5.49869,39.375
524288,7968035,0,25054,53,1,0,1,0,1,0,0,0,0,33.710636,27.5
524288,7968035,1,25054,53,1,0,1,0,1,0,0,0,0,5.965165,37.25
524288,7968035,2,25054,53,1,0,1,0,1,0,0,0,0,5.965165,38.375
524288,7968035,3,25054,53,1,0,1,0,1,0,0,0,0,5.965165,38.25
524288,7968035,4,25054,53,1,0,1,0,1,0,0,0,0,5.965165,38.625
524288,7968035,5,25054,53,1,0,1,0,1,0,0,0,0,5.965165,39
524288,7968035,6,25054,53,1,0,1,0,1,0,0,0,0,5.965165,38.25
524288,7968035,7,25054,53,1,0,1,0,1,0,0,0,0,5.965165,38.625
524288,7968035,8,25054,53,1,0,1,0,1,0,0,0,0,5.965165,38.75
524288,7968035,0,25054,60,1,0,1,0,1,0,0,0,0,33.880589,27.125
524288,7968035,1,25054,60,1,0,1,0,1,0,0,0,0,6.437405,37.125
524288,7968035,2,25054,60,1,0,1,0,1,0,0,0,0,6.437405,38
524288,7968035,3,25054,60,1,0,1,0,1,0,0,0,0,6.437405,38
524288,7968035,4,25054,60,1,0,1,0,1,0,0,0,0,6.437405,38.625
524288,7968035,5,25054,60,1,0,1,0,1,0,0,0,0,6.437405,38.125
524288,7968035,6,25054,60,1,0,1,0,1,0,0,0,0,6.437405,38.5
524288,7968035,7,25054,60,1,0,1,0,1,0,0,0,0,6.437405,38.5
524288,7968035,8,25054,60,1,0,1,0,1,0,0,0,0,6.437405,38.625
524288,7968035,0,25054,132,1,0,1,0,1,0,0,0,0,34.811028,27
524288,7968035,1,25054,132,1,0,1,0,1,0,0,0,0,7.91851,37
524288,7968035,2,25054,132,1,0,1,0,1,0,0,0,0,7.91851,38.125
524288,7968035,3,25054,132,1,0,1,0,1,0,0,0,0,7.91851,38.125
524288,7968035,4,25054,132,1,0,1,0,1,0,0,0,0,7.91851,38.5
524288,7968035,5,25054,132,1,0,1,0,1,0,0,0,0,7.91851,38.125
524288,7968035,6,25054,132,1,0,1,0,1,0,0,0,0,7.91851,38.75
524288,7968035,7,25054,132,1,0,1,0,1,0,0,0,0,7.91851,38.25
524288,7968035,8,25054,132,1,0,1,0,1,0,0,0,0,7.91851,38.75
524288,7968035,0,25054,140,1,0,1,0,1,0,0,0,0,36.077412,27.25
524288,7968035,1,25054,140,1,0,1,0,1,0,0,0,0,9.756318,36.875
524288,7968035,2,25054,140,1,0,1,0,1,0,0,0,0,9.756318,37.875
524288,7968035,3,25054,140,1,0,1,0,1,0,0,0,0,9.756318,37.625
524288,7968035,4,25054,140,1,0,1,0,1,0,0,0,0,9.756318,38
524288,7968035,5,25054,140,1,0,1,0,1,0,0,0,0,9.756318,38.125
524288,7968035,6,25054,140,1,0,1,0,1,0,0,0,0,9.756318,38
524288,7968035,7,25054,140,1,0,1,0,1,0,0,0,0,9.756318,38
524288,7968035,8,25054,140,1,0,1,0,1,0,0,0,0,9.756318,38
524288,7968035,0,25054,148,1,0,1,0,1,0,0,0,0,37.429367,27.25
524288,7968035,1,25054,148,1,0,1,0,1,0,0,0,0,11.765032,36.75
524288,7968035,2,25054,148,1,0,1,0,1,0,0,0,0,11.765032,37.375
524288,7968035,3,25054,148,1,0,1,0,1,0,0,0,0,11.765032,37.5
524288,7968035,4,25054,148,1,0,1,0,1,0,0,0,0,11.765032,37.75
524288,7968035,5,25054,148,1,0,1,0,1,0,0,0,0,11.765032,37.75
524288,7968035,6,25054,148,1,0,1,0,1,0,0,0,0,11.765032,37.75
524288,7968035,7,25054,148,1,0,1,0,1,0,0,0,0,11.765032,38
524288,7968035,8,25054,148,1,0,1,0,1,0,0,0,0,11.765032,38
524288,7968035,0,25054,161,1,0,1,0,1,0,0,0,0,38.746243,27
524288,7968035,1,25054,161,1,0,1,0,1,0,0,0,0,13.728124,36.125
524288,7968035,2,25054,161,1,0,1,0,1,0,0,0,0,13.728124,37.625
524288,7968035,3,25054,161,1,0,1,0,1,0,0,0,0,13.728124,37.375
524288,7968035,4,25054,161,1,0,1,0,1,0,0,0,0,13.728124,37.5
524288,7968035,5,25054,161,1,0,1,0,1,0,0,0,0,13.728124,37.875
524288,7968035,6,25054,161,1,0,1,0,1,0,0,0,0,13.728124,37.625
524288,7968035,7,25054,161,1,0,1,0,1,0,0,0,0,13.728124,37.625
524288,7968035,8,25054,161,1,0,1,0,1,0,0,0,0,13.728124,37.625
524288,7968035,0,25054,442,1,0,1,0,1,0,0,0,0,44.881119,26
524288,7968035,1,25054,442,1,0,1,0,1,0,0,0,0,20.548014,35
524288,7968035,2,25054,442,1,0,1,0,1,0,0,0,0,20.548014,36
524288,7968035,3,25054,442,1,0,1,0,1,0,0,0,0,20.548014,36
524288,7968035,4,25054,442,1,0,1,0,1,0,0,0,0,20.548014,36.125
524288,7968035,5,25054,442,1,0,1,0,1,0,0,0,0,20.548014,36.25
524288,7968035,6,25054,442,1,0,1,0,1,0,0,0,0,20.548014,36.25
524288,7968035,7,25054,442,1,0,1,0,1,0,0,0,0,20.548014,36.5
524288,7968035,8,25054,442,1,0,1,0,1,0,0,0,0,20.548014,36.25
1048576,16084739,0,39530,2,1,0,1,0,1,0,0,0,0,32.445599,39.75
1048576,16084739,1,39530,2,1,0,1,0,1,0,0,0,0,0.156517,56.5
1048576,16084739,2,39530,2,1,0,1,0,1,0,0,0,0,0.143648,58.625
1048576,16084739,3,39530,2,1,0,1,0,1,0,0,0,0,0.143648,61
1048576,16084739,4,39530,2,1,0,1,0,1,0,0,0,0,0.143648,61
1048576,16084739,5,39530,2,1,0,1,0,1,0,0,0,0,0.143648,61
1048576,16084739,6,39530,2,1,0,1,0,1,0,0,0,0,0.143648,61.5
1048576,16084739,7,39530,2,1,0,1,0,1,0,0,0,0,0.143648,61.75
1048576,16084739,0,39530,4,1,0,1,0,1,0,0,0,0,32.456882,39.75
1048576,16084739,1,39530,4,1,0,1,0,1,0,0,0,0,0.34039,56
1048576,16084739,2,39530,4,1,0,1,0,1,0,0,0,0,0.330981,58.875
1048576,16084739,3,39530,4,1,0,1,0,1,0,0,0,0,0.330981,60.75
1048576,16084739,4,39530,4,1,0,1,0,1,0,0,0,0,0.330981,60.25
1048576,16084739,5,39530,4,1,0,1,0,1,0,0,0,0,0.330981,60.625
1048576,16084739,6,39530,4,1,0,1,0,1,0,0,0,0,0.330981,61.125
1048576,16084739,7,39530,4,1,0,1,0,1,0,0,0,0,0.330981,62.25
1048576,16084739,0,39530,6,1,0,1,0,1,0,0,0,0,32.474342,37.625
1048576,16084739,1,39530,6,1,0,1,0,1,0,0,0,0,0.570934,56
1048576,16084739,2,39530,6,1,0,1,0,1,0,0,0,0,0.564119,58.625
1048576,16084739,3,39530,6,1,0,1,0,1,0,0,0,0,0.564119,60.125
1048576,16084739,4,39530,6,1,0,1,0,1,0,0,0,0,0.564119,60.25
1048576,16084739,5,39530,6,1,0,1,0,1,0,0,0,0,0.564119,62.25
1048576,16084739,6,39530,6,1,0,1,0,1,0,0,0,0,0.564119,61.5
1048576,16084739,7,39530,6,1,0,1,0,1,0,0,0,0,0.564119,61.5
1048576,16084739,0,39530,9,1,0,1,0,1,0,0,0,0,32.502434,37.375
1048576,16084739,1,39530,9,1,0,1,0,1,0,0,0,0,0.943135,56
1048576,16084739,2,39530,9,1,0,1,0,1,0,0,0,0,0.939972,58.75
1048576,16084739,3,39530,9,1,0,1,0,1,0,0,0,0,0.939972,60.5
1048576,16084739,4,39530,9,1,0,1,0,1,0,0,0,0,0.939972,60.75
1048576,16084739,5,39530,9,1,0,1,0,1,0,0,0,0,0.939972,60.875
1048576,16084739,6,39530,9,1,0,1,0,1,0,0,0,0,0.939972,65.5
1048576,16084739,7,39530,9,1,0,1,0,1,0,0,0,0,0.939972,61.5
1048576,16084739,0,39530,20,1,0,1,0,1,0,0,0,0,32.652756,37
1048576,16084739,1,39530,20,1,0,1,0,1,0,0,0,0,1.83643,55.625
1048576,16084739,2,39530,20,1,0,1,0,1,0,0,0,0,1.835153,58.625
1048576,16084739,3,39530,20,1,0,1,0,1,0,0,0,0,1.835153,58.875
1048576,16084739,4,39530,20,1,0,1,0,1,0,0,0,0,1.835153,58.75
1048576,16084739,5,39530,20,1,0,1,0,1,0,0,0,0,1.835153,60.5
1048576,16084739,6,39530,20,1,0,1,0,1,0,0,0,0,1.835153,59.5
1048576,16084739,7,39530,20,1,0,1,0,1,0,0,0,0,1.835153,59.5
1048576,16084739,0,39530,60,1,0,1,0,1,0,0,0,0,33.140717,37
1048576,16084739,1,39530,60,1,0,1,0,1,0,0,0,0,3.872936,54.625
1048576,16084739,2,39530,60,1,0,1,0,1,0,0,0,0,3.872917,57.75
1048576,16084739,3,39530,60,1,0,1,0,1,0,0,0,0,3.872917,58
1048576,16084739,4,39530,60,1,0,1,0,1,0,0,0,0,3.872917,59.625
1048576,16084739,5,39530,60,1,0,1,0,1,0,0,0,0,3.872917,58.75
1048576,16084739,6,39530,60,1,0,1,0,1,0,0,0,0,3.872917,59
1048576,16084739,7,39530,60,1,0,1,0,1,0,0,0,0,3.872917,58.375
1048576,16084739,0,39530,64,1,0,1,0,1,0,0,0,0,33.379265,37.25
1048576,16084739,1,39530,64,1,0,1,0,1,0,0,0,0,4.478176,54.625
1048576,16084739,2,39530,64,1,0,1,0,1,0,0,0,0,4.478176,58.25
1048576,16084739,3,39530,64,1,0,1,0,1,0,0,0,0,4.478176,63.375
1048576,16084739,4,39530,64,1,0,1,0,1,0,0,0,0,4.478176,60.875
1048576,16084739,5,39530,64,1,0,1,0,1,0,0,0,0,4.478176,57
1048576,16084739,6,39530,64,1,0,1,0,1,0,0,0,0,4.478176,57.25
1048576,16084739,7,39530,64,1,0,1,0,1,0,0,0,0,4.478176,57
1048576,16084739,0,39530,67,1,0,1,0,1,0,0,0,0,33.60022,37.5
1048576,16084739,1,39530,67,1,0,1,0,1,0,0,0,0,5.086628,56.125
1048576,16084739,2,39530,67,1,0,1,0,1,0,0,0,0,5.086628,56.125
1048576,16084739,3,39530,67,1,0,1,0,1,0,0,0,0,5.086628,56.375
1048576,16084739,4,39530,67,1,0,1,0,1,0,0,0,0,5.086628,57.125
1048576,16084739,5,39530,67,1,0,1,0,1,0,0,0,0,5.086628,57.125
1048576,16084739,6,39530,67,1,0,1,0,1,0,0,0,0,5.086628,57.25
1048576,16084739,7,39530,67,1,0,1,0,1,0,0,0,0,5.086628,57.25
1048576,16084739,0,39530,70,1,0,1,0,1,0,0,0,0,33.859863,39.5
1048576,16084739,1,39530,70,1,0,1,0,1,0,0,0,0,5.745185,55.625
1048576,16084739,2,39530,70,1,0,1,0,1,0,0,0,0,5.745185,56
1048576,16084739,3,39530,70,1,0,1,0,1,0,0,0,0,5.745185,56
1048576,16084739,4,39530,70,1,0,1,0,1,0,0,0,0,5.745185,56.625
1048576,16084739,5,39530,70,1,0,1,0,1,0,0,0,0,5.745185,56.75
1048576,16084739,6,39530,70,1,0,1,0,1,0,0,0,0,5.745185,56.75
1048576,16084739,7,39530,70,1,0,1,0,1,0,0,0,0,5.745185,56.875
1048576,16084739,0,39530,73,1,0,1,0,1,0,0,0,0,34.095692,40.25
1048576,16084739,1,39530,73,1,0,1,0,1,0,0,0,0,6.369783,58.125
1048576,16084739,2,39530,73,1,0,1,0,1,0,0,0,0,6.369783,56.75
1048576,16084739,3,39530,73,1,0,1,0,1,0,0,0,0,6.369783,55.625
1048576,16084739,4,39530,73,1,0,1,0,1,0,0,0,0,6.369783,56.875
1048576,16084739,5,39530,73,1,0,1,0,1,0,0,0,0,6.369783,56.25
1048576,16084739,6,39530,73,1,0,1,0,1,0,0,0,0,6.369783,56.5
1048576,16084739,7,39530,73,1,0,1,0,1,0,0,0,0,6.369783,58.5
1048576,16084739,0,39530,77,1,0,1,0,1,0,0,0,0,34.332775,37.125
1048576,16084739,1,39530,77,1,0,1,0,1,0,0,0,0,7.016324,53.375
1048576,16084739,2,39530,77,1,0,1,0,1,0,0,0,0,7.016324,55.375
1048576,16084739,3,39530,77,1,0,1,0,1,0,0,0,0,7.016324,55.875
1048576,16084739,4,39530,77,1,0,1,0,1,0,0,0,0,7.016324,56.125
1048576,16084739,5,39530,77,1,0,1,0,1,0,0,0,0,7.016324,56.125
1048576,16084739,6,39530,77,1,0,1,0,1,0,0,0,0,7.016324,61
1048576,16084739,7,39530,77,1,0,1,0,1,0,0,0,0,7.016324,65.25
1048576,16084739,0,39530,92,1,0,1,0,1,0,0,0,0,34.607677,37
1048576,16084739,1,39530,92,1,0,1,0,1,0,0,0,0,7.774143,53.5
1048576,16084739,2,39530,92,1,0,1,0,1,0,0,0,0,7.774143,55.125
1048576,16084739,3,39530,92,1,0,1,0,1,0,0,0,0,7.774143,55.125
1048576,16084739,4,39530,92,1,0,1,0,1,0,0,0,0,7.774143,56
1048576,16084739,5,39530,92,1,0,1,0,1,0,0,0,0,7.774143,55.875
1048576,16084739,6,39530,92,1,0,1,0,1,0,0,0,0,7.774143,55.875
1048576,16084739,7,39530,92,1,0,1,0,1,0,0,0,0,7.774143,58.625
1048576,16084739,0,39530,209,1,0,1,0,1,0,0,0,0,36.410248,37
1048576,16084739,1,39530,209,1,0,1,0,1,0,0,0,0,10.311116,52.875
1048576,16084739,2,39530,209,1,0,1,0,1,0,0,0,0,10.311116,54.875
1048576,16084739,3,39530,209,1,0,1,0,1,0,0,0,0,10.311116,54.625
1048576,16084739,4,39530,209,1,0,1,0,1,0,0,0,0,10.311116,55.125
1048576,16084739,5,39530,209,1,0,1,0,1,0,0,0,0,10.311116,55.125
1048576,16084739,6,39530,209,1,0,1,0,1,0,0,0,0,10.311116,58
1048576,16084739,7,39530,209,1,0,1,0,1,0,0,0,0,10.311116,55
1048576,16084739,0,39530,222,1,0,1,0,1,0,0,0,0,38.43642,36.5
1048576,16084739,1,39530,222,1,0,1,0,1,0,0,0,0,13.173957,51.375
1048576,16084739,2,39530,222,1,0,1,0,1,0,0,0,0,13.173957,53.25
1048576,16084739,3,39530,222,1,0,1,0,1,0,0,0,0,13.173957,53.125
1048576,16084739,4,39530,222,1,0,1,0,1,0,0,0,0,13.173957,54.25
1048576,16084739,5,39530,222,1,0,1,0,1,0,0,0,0,13.173957,55.875
1048576,16084739,6,39530,222,1,0,1,0,1,0,0,0,0,13.173957,54
1048576,16084739,7,39530,222,1,0,1,0,1,0,0,0,0,13.173957,54.625
1048576,16084739,0,39530,641,1,0,1,0,1,0,0,0,0,41.88427,35.375
1048576,16084739,1,39530,641,1,0,1,0,1,0,0,0,0,17.576965,50
1048576,16084739,2,39530,641,1,0,1,0,1,0,0,0,0,17.576965,52
1048576,16084739,3,39530,641,1,0,1,0,1,0,0,0,0,17.576965,51.875
1048576,16084739,4,39530,641,1,0,1,0,1,0,0,0,0,17.576965,56.125
1048576,16084739,5,39530,641,1,0,1,0,1,0,0,0,0,17.576965,55
1048576,16084739,6,39530,641,1,0,1,0,1,0,0,0,0,17.576965,54.5
1048576,16084739,7,39530,641,1,0,1,0,1,0,0,0,0,17.576965,54.75
2097152,32417950,0,62389,2,1,0,1,0,1,0,0,0,0,31.425594,67.125
2097152,32417950,1,62389,2,1,0,1,0,1,0,0,0,0,0.139043,104
2097152,32417950,2,62389,2,1,0,1,0,1,0,0,0,0,0.12787,108.5
2097152,32417950,3,62389,2,1,0,1,0,1,0,0,0,0,0.12787,112.25
2097152,32417950,4,62389,2,1,0,1,0,1,0,0,0,0,0.12787,112.875
2097152,32417950,5,62389,2,1,0,1,0,1,0,0,0,0,0.12787,112.625
2097152,32417950,6,62389,2,1,0,1,0,1,0,0,0,0,0.12787,114.5
2097152,32417950,7,62389,2,1,0,1,0,1,0,0,0,0,0.12787,114.375
2097152,32417950,8,62389,2,1,0,1,0,1,0,0,0,0,0.12787,114.5
2097152,32417950,0,62389,4,1,0,1,0,1,0,0,0,0,31.432024,67
2097152,32417950,1,62389,4,1,0,1,0,1,0,0,0,0,0.320464,104
2097152,32417950,2,62389,4,1,0,1,0,1,0,0,0,0,0.312338,109
2097152,32417950,3,62389,4,1,0,1,0,1,0,0,0,0,0.312338,112
2097152,32417950,4,62389,4,1,0,1,0,1,0,0,0,0,0.312338,112.375
2097152,32417950,5,62389,4,1,0,1,0,1,0,0,0,0,0.312338,112.875
2097152,32417950,6,62389,4,1,0,1,0,1,0,0,0,0,0.312338,114
2097152,32417950,7,62389,4,1,0,1,0,1,0,0,0,0,0.312338,113.625
2097152,32417950,8,62389,4,1,0,1,0,1,0,0,0,0,0.312338,113.75
2097152,32417950,0,62389,6,1,0,1,0,1,0,0,0,0,31.440359,67.25
2097152,32417950,1,62389,6,1,0,1,0,1,0,0,0,0,0.485368,104.25
2097152,32417950,2,62389,6,1,0,1,0,1,0,0,0,0,0.479313,108.75
2097152,32417950,3,62389,6,1,0,1,0,1,0,0,0,0,0.479313,111.75
2097152,32417950,4,62389,6,1,0,1,0,1,0,0,0,0,0.479313,112.125
2097152,32417950,5,62389,6,1,0,1,0,1,0,0,0,0,0.479313,112.625
2097152,32417950,6,62389,6,1,0,1,0,1,0,0,0,0,0.479313,113.625
2097152,32417950,7,62389,6,1,0,1,0,1,0,0,0,0,0.479313,113.75
2097152,32417950,8,62389,6,1,0,1,0,1,0,0,0,0,0.479313,113.5
2097152,32417950,0,62389,10,1,0,1,0,1,0,0,0,0,31.471611,66.875
2097152,32417950,1,62389,10,1,0,1,0,1,0,0,0,0,0.908063,103.125
2097152,32417950,2,62389,10,1,0,1,0,1,0,0,0,0,0.904431,108.375
2097152,32417950,3,62389,10,1,0,1,0,1,0,0,0,0,0.904431,109.125
2097152,32417950,4,62389,10,1,0,1,0,1,0,0,0,0,0.904431,109.25
2097152,32417950,5,62389,10,1,0,1,0,1,0,0,0,0,0.904431,111
2097152,32417950,6,62389,10,1,0,1,0,1,0,0,0,0,0.904431,111
2097152,32417950,7,62389,10,1,0,1,0,1,0,0,0,0,0.904431,110.5
2097152,32417950,8,62389,10,1,0,1,0,1,0,0,0,0,0.904431,110.375
2097152,32417950,0,62389,16,1,0,1,0,1,0,0,0,0,31.521601,68
2097152,32417950,1,62389,16,1,0,1,0,1,0,0,0,0,1.480693,102.375
2097152,32417950,2,62389,16,1,0,1,0,1,0,0,0,0,1.479863,108.875
2097152,32417950,3,62389,16,1,0,1,0,1,0,0,0,0,1.479863,108.25
2097152,32417950,4,62389,16,1,0,1,0,1,0,0,0,0,1.479863,108.25
2097152,32417950,5,62389,16,1,0,1,0,1,0,0,0,0,1.479863,109.875
2097152,32417950,6,62389,16,1,0,1,0,1,0,0,0,0,1.479863,109.5
2097152,32417950,7,62389,16,1,0,1,0,1,0,0,0,0,1.479863,110.25
2097152,32417950,8,62389,16,1,0,1,0,1,0,0,0,0,1.479863,109.5
2097152,32417950,0,62389,38,1,0,1,0,1,0,0,0,0,31.8993,67.75
2097152,32417950,1,62389,38,1,0,1,0,1,0,0,0,0,3.530039,100.5
2097152,32417950,2,62389,38,1,0,1,0,1,0,0,0,0,3.529978,106.375
2097152,32417950,3,62389,38,1,0,1,0,1,0,0,0,0,3.529978,106.625
2097152,32417950,4,62389,38,1,0,1,0,1,0,0,0,0,3.529978,107.375
2097152,32417950,5,62389,38,1,0,1,0,1,0,0,0,0,3.529978,108.125
2097152,32417950,6,62389,38,1,0,1,0,1,0,0,0,0,3.529978,108
2097152,32417950,7,62389,38,1,0,1,0,1,0,0,0,0,3.529978,107.5
2097152,32417950,8,62389,38,1,0,1,0,1,0,0,0,0,3.529978,107.75
2097152,32417950,0,62389,40,1,0,1,0,1,0,0,0,0,31.942139,66.75
2097152,32417950,1,62389,40,1,0,1,0,1,0,0,0,0,3.750546,100.375
2097152,32417950,2,62389,40,1,0,1,0,1,0,0,0,0,3.750519,106.375
2097152,32417950,3,62389,40,1,0,1,0,1,0,0,0,0,3.750519,105.875
2097152,32417950,4,62389,40,1,0,1,0,1,0,0,0,0,3.750519,106.25
2097152,32417950,5,62389,40,1,0,1,0,1,0,0,0,0,3.750519,107.875
2097152,32417950,6,62389,40,1,0,1,0,1,0,0,0,0,3.750519,107.375
2097152,32417950,7,62389,40,1,0,1,0,1,0,0,0,0,3.750519,107.375
2097152,32417950,8,62389,40,1,0,1,0,1,0,0,0,0,3.750519,108.25
2097152,32417950,0,62389,46,1,0,1,0,1,0,0,0,0,31.996628,66.75
2097152,32417950,1,62389,46,1,0,1,0,1,0,0,0,0,4.048774,99.375
2097152,32417950,2,62389,46,1,0,1,0,1,0,0,0,0,4.048765,106
2097152,32417950,3,62389,46,1,0,1,0,1,0,0,0,0,4.048765,106.125
2097152,32417950,4,62389,46,1,0,1,0,1,0,0,0,0,4.048765,105.875
2097152,32417950,5,62389,46,1,0,1,0,1,0,0,0,0,4.048765,107.75
2097152,32417950,6,62389,46,1,0,1,0,1,0,0,0,0,4.048765,107.75
2097152,32417950,7,62389,46,1,0,1,0,1,0,0,0,0,4.048765,107.5
2097152,32417950,8,62389,46,1,0,1,0,1,0,0,0,0,4.048765,107.5
2097152,32417950,0,62389,94,1,0,1,0,1,0,0,0,0,32.292934,66.625
2097152,32417950,1,62389,94,1,0,1,0,1,0,0,0,0,4.792378,99.125
2097152,32417950,2,62389,94,1,0,1,0,1,0,0,0,0,4.792378,102.75
2097152,32417950,3,62389,94,1,0,1,0,1,0,0,0,0,4.792378,103.125
2097152,32417950,4,62389,94,1,0,1,0,1,0,0,0,0,4.792378,104.375
2097152,32417950,5,62389,94,1,0,1,0,1,0,0,0,0,4.792378,104.875
2097152,32417950,6,62389,94,1,0,1,0,1,0,0,0,0,4.792378,104.375
2097152,32417950,7,62389,94,1,0,1,0,1,0,0,0,0,4.792378,104.75
2097152,32417950,8,62389,94,1,0,1,0,1,0,0,0,0,4.792378,104.25
2097152,32417950,0,62389,100,1,0,1,0,1,0,0,0,0,32.661869,66.75
2097152,32417950,1,62389,100,1,0,1,0,1,0,0,0,0,5.662141,98.375
2097152,32417950,2,62389,100,1,0,1,0,1,0,0,0,0,5.662141,102.375
2097152,32417950,3,62389,100,1,0,1,0,1,0,0,0,0,5.662141,102.625
2097152,32417950,4,62389,100,1,0,1,0,1,0,0,0,0,5.662141,103.875
2097152,32417950,5,62389,100,1,0,1,0,1,0,0,0,0,5.662141,103.75
2097152,32417950,6,62389,100,1,0,1,0,1,0,0,0,0,5.662141,104
2097152,32417950,7,62389,100,1,0,1,0,1,0,0,0,0,5.662141,103.75
2097152,32417950,8,62389,100,1,0,1,0,1,0,0,0,0,5.662141,103.875
2097152,32417950,0,62389,105,1,0,1,0,1,0,0,0,0,33.041485,66.25
2097152,32417950,1,62389,105,1,0,1,0,1,0,0,0,0,6.602375,97.875
2097152,32417950,2,62389,105,1,0,1,0,1,0,0,0,0,6.602375,101.625
2097152,32417950,3,62389,105,1,0,1,0,1,0,0,0,0,6.602375,101.75
2097152,32417950,4,62389,105,1,0,1,0,1,0,0,0,0,6.602375,103.625
2097152,32417950,5,62389,105,1,0,1,0,1,0,0,0,0,6.602375,103.375
2097152,32417950,6,62389,105,1,0,1,0,1,0,0,0,0,6.602375,103.5
2097152,32417950,7,62389,105,1,0,1,0,1,0,0,0,0,6.602375,103.25
2097152,32417950,8,62389,105,1,0,1,0,1,0,0,0,0,6.602375,103.5
2097152,32417950,0,62389,111,1,0,1,0,1,0,0,0,0,33.486179,66
2097152,32417950,1,62389,111,1,0,1,0,1,0,0,0,0,7.706466,97
2097152,32417950,2,62389,111,1,0,1,0,1,0,0,0,0,7.706466,100.75
2097152,32417950,3,62389,111,1,0,1,0,1,0,0,0,0,7.706466,101.25
2097152,32417950,4,62389,111,1,0,1,0,1,0,0,0,0,7.706466,102.5
2097152,32417950,5,62389,111,1,0,1,0,1,0,0,0,0,7.706466,102.375
2097152,32417950,6,62389,111,1,0,1,0,1,0,0,0,0,7.706466,102.625
2097152,32417950,7,62389,111,1,0,1,0,1,0,0,0,0,7.706466,102.5
2097152,32417950,8,62389,111,1,0,1,0,1,0,0,0,0,7.706466,102.375
2097152,32417950,0,62389,120,1,0,1,0,1,0,0,0,0,33.895119,66.25
2097152,32417950,1,62389,120,1,0,1,0,1,0,0,0,0,8.73944,96.125
2097152,32417950,2,62389,120,1,0,1,0,1,0,0,0,0,8.73944,100.125
2097152,32417950,3,62389,120,1,0,1,0,1,0,0,0,0,8.73944,99.875
2097152,32417950,4,62389,120,1,0,1,0,1,0,0,0,0,8.73944,101.875
2097152,32417950,5,62389,120,1,0,1,0,1,0,0,0,0,8.73944,101.375
2097152,32417950,6,62389,120,1,0,1,0,1,0,0,0,0,8.73944,101.25
2097152,32417950,7,62389,120,1,0,1,0,1,0,0,0,0,8.73944,101.125
2097152,32417950,8,62389,120,1,0,1,0,1,0,0,0,0,8.73944,101.75
2097152,32417950,0,62389,320,1,0,1,0,1,0,0,0,0,35.999878,64.75
2097152,32417950,1,62389,320,1,0,1,0,1,0,0,0,0,11.813416,93.625
2097152,32417950,2,62389,320,1,0,1,0,1,0,0,0,0,11.813416,97.75
2097152,32417950,3,62389,320,1,0,1,0,1,0,0,0,0,11.813416,97.625
2097152,32417950,4,62389,320,1,0,1,0,1,0,0,0,0,11.813416,98.875
2097152,32417950,5,62389,320,1,0,1,0,1,0,0,0,0,11.813416,99.375
2097152,32417950,6,62389,320,1,0,1,0,1,0,0,0,0,11.813416,98.875
2097152,32417950,7,62389,320,1,0,1,0,1,0,0,0,0,11.813416,98.75
2097152,32417950,8,62389,320,1,0,1,0,1,0,0,0,0,11.813416,98.875
2097152,32417950,0,62389,346,1,0,1,0,1,0,0,0,0,39.074604,64.375
2097152,32417950,1,62389,346,1,0,1,0,1,0,0,0,0,16.265066,89.875
2097152,32417950,2,62389,346,1,0,1,0,1,0,0,0,0,16.265066,93.625
2097152,32417950,3,62389,346,1,0,1,0,1,0,0,0,0,16.265066,93.375
2097152,32417950,4,62389,346,1,0,1,0,1,0,0,0,0,16.265066,95.625
2097152,32417950,5,62389,346,1,0,1,0,1,0,0,0,0,16.265066,95.375
2097152,32417950,6,62389,346,1,0,1,0,1,0,0,0,0,16.265066,95.625
2097152,32417950,7,62389,346,1,0,1,0,1,0,0,0,0,16.265066,95.5
2097152,32417950,8,62389,346,1,0,1,0,1,0,0,0,0,16.265066,95
4194304,65243481,0,97859,2,1,0,1,0,1,0,0,0,0,31.541422,117
4194304,65243481,1,97859,2,1,0,1,0,1,0,0,0,0,0.12983,192.25
4194304,65243481,2,97859,2,1,0,1,0,1,0,0,0,0,0.119795,200.5
4194304,65243481,3,97859,2,1,0,1,0,1,0,0,0,0,0.119792,213.375
4194304,65243481,4,97859,2,1,0,1,0,1,0,0,0,0,0.119792,212.875
4194304,65243481,5,97859,2,1,0,1,0,1,0,0,0,0,0.119792,213.625
4194304,65243481,6,97859,2,1,0,1,0,1,0,0,0,0,0.119792,214.5
4194304,65243481,7,97859,2,1,0,1,0,1,0,0,0,0,0.119792,217.5
4194304,65243481,8,97859,2,1,0,1,0,1,0,0,0,0,0.119792,216.75
4194304,65243481,0,97859,4,1,0,1,0,1,0,0,0,0,31.54706,116.5
4194304,65243481,1,97859,4,1,0,1,0,1,0,0,0,0,0.306336,191.875
4194304,65243481,2,97859,4,1,0,1,0,1,0,0,0,0,0.299079,199.5
4194304,65243481,3,97859,4,1,0,1,0,1,0,0,0,0,0.299077,213
4194304,65243481,4,97859,4,1,0,1,0,1,0,0,0,0,0.299077,212.5
4194304,65243481,5,97859,4,1,0,1,0,1,0,0,0,0,0.299077,213.5
4194304,65243481,6,97859,4,1,0,1,0,1,0,0,0,0,0.299077,213.25
4194304,65243481,7,97859,4,1,0,1,0,1,0,0,0,0,0.299077,215.5
4194304,65243481,8,97859,4,1,0,1,0,1,0,0,0,0,0.299077,216.25
4194304,65243481,0,97859,5,1,0,1,0,1,0,0,0,0,31.549957,116.5
4194304,65243481,1,97859,5,1,0,1,0,1,0,0,0,0,0.40438,190.75
4194304,65243481,2,97859,5,1,0,1,0,1,0,0,0,0,0.398342,199.875
4194304,65243481,3,97859,5,1,0,1,0,1,0,0,0,0,0.39834,212.75
4194304,65243481,4,97859,5,1,0,1,0,1,0,0,0,0,0.39834,212.125
4194304,65243481,5,97859,5,1,0,1,0,1,0,0,0,0,0.39834,212.75
4194304,65243481,6,97859,5,1,0,1,0,1,0,0,0,0,0.39834,213.5
4194304,65243481,7,97859,5,1,0,1,0,1,0,0,0,0,0.39834,216.375
4194304,65243481,8,97859,5,1,0,1,0,1,0,0,0,0,0.39834,215.125
4194304,65243481,0,97859,9,1,0,1,0,1,0,0,0,0,31.562397,116.375
4194304,65243481,1,97859,9,1,0,1,0,1,0,0,0,0,0.696532,189.875
4194304,65243481,2,97859,9,1,0,1,0,1,0,0,0,0,0.693523,201.875
4194304,65243481,3,97859,9,1,0,1,0,1,0,0,0,0,0.693523,201.25
4194304,65243481,4,97859,9,1,0,1,0,1,0,0,0,0,0.693523,202.625
4194304,65243481,5,97859,9,1,0,1,0,1,0,0,0,0,0.693523,204.375
4194304,65243481,6,97859,9,1,0,1,0,1,0,0,0,0,0.693523,204.375
4194304,65243481,7,97859,9,1,0,1,0,1,0,0,0,0,0.693523,204.875
4194304,65243481,8,97859,9,1,0,1,0,1,0,0,0,0,0.693523,204.5
4194304,65243481,0,97859,17,1,0,1,0,1,0,0,0,0,31.627422,117
4194304,65243481,1,97859,17,1,0,1,0,1,0,0,0,0,1.482814,188.875
4194304,65243481,2,97859,17,1,0,1,0,1,0,0,0,0,1.48185,199.125
4194304,65243481,3,97859,17,1,0,1,0,1,0,0,0,0,1.48185,199.625
4194304,65243481,4,97859,17,1,0,1,0,1,0,0,0,0,1.48185,199.625
4194304,65243481,5,97859,17,1,0,1,0,1,0,0,0,0,1.48185,202.625
4194304,65243481,6,97859,17,1,0,1,0,1,0,0,0,0,1.48185,202.875
4194304,65243481,7,97859,17,1,0,1,0,1,0,0,0,0,1.48185,203.125
4194304,65243481,8,97859,17,1,0,1,0,1,0,0,0,0,1.48185,203.5
4194304,65243481,0,97859,49,1,0,1,0,1,0,0,0,0,31.936432,116.5
4194304,65243481,1,97859,49,1,0,1,0,1,0,0,0,0,3.266246,184.5
4194304,65243481,2,97859,49,1,0,1,0,1,0,0,0,0,3.266242,196.75
4194304,65243481,3,97859,49,1,0,1,0,1,0,0,0,0,3.266242,197.25
4194304,65243481,4,97859,49,1,0,1,0,1,0,0,0,0,3.266242,197.75
4194304,65243481,5,97859,49,1,0,1,0,1,0,0,0,0,3.266242,199.875
4194304,65243481,6,97859,49,1,0,1,0,1,0,0,0,0,3.266242,199.25
4194304,65243481,7,97859,49,1,0,1,0,1,0,0,0,0,3.266242,200.375
4194304,65243481,8,97859,49,1,0,1,0,1,0,0,0,0,3.266242,198.625
4194304,65243481,0,97859,51,1,0,1,0,1,0,0,0,0,32.003395,115.875
4194304,65243481,1,97859,51,1,0,1,0,1,0,0,0,0,3.600786,183.375
4194304,65243481,2,97859,51,1,0,1,0,1,0,0,0,0,3.600784,194.75
4194304,65243481,3,97859,51,1,0,1,0,1,0,0,0,0,3.600784,194.625
4194304,65243481,4,97859,51,1,0,1,0,1,0,0,0,0,3.600784,194.5
4194304,65243481,5,97859,51,1,0,1,0,1,0,0,0,0,3.600784,197.5
4194304,65243481,6,97859,51,1,0,1,0,1,0,0,0,0,3.600784,198
4194304,65243481,7,97859,51,1,0,1,0,1,0,0,0,0,3.600784,199.375
4194304,65243481,8,97859,51,1,0,1,0,1,0,0,0,0,3.600784,198.625
4194304,65243481,0,97859,54,1,0,1,0,1,0,0,0,0,32.099979,116
4194304,65243481,1,97859,54,1,0,1,0,1,0,0,0,0,4.074706,182.625
4194304,65243481,2,97859,54,1,0,1,0,1,0,0,0,0,4.074704,195.125
4194304,65243481,3,97859,54,1,0,1,0,1,0,0,0,0,4.074704,196
4194304,65243481,4,97859,54,1,0,1,0,1,0,0,0,0,4.074704,196.25
4194304,65243481,5,97859,54,1,0,1,0,1,0,0,0,0,4.074704,198.125
4194304,65243481,6,97859,54,1,0,1,0,1,0,0,0,0,4.074704,197.75
4194304,65243481,7,97859,54,1,0,1,0,1,0,0,0,0,4.074704,198.75
4194304,65243481,8,97859,54,1,0,1,0,1,0,0,0,0,4.074704,198.125
4194304,65243481,0,97859,57,1,0,1,0,1,0,0,0,0,32.17984,116.25
4194304,65243481,1,97859,57,1,0,1,0,1,0,0,0,0,4.457228,181.75
4194304,65243481,2,97859,57,1,0,1,0,1,0,0,0,0,4.457228,187.75
4194304,65243481,3,97859,57,1,0,1,0,1,0,0,0,0,4.457228,188.875
4194304,65243481,4,97859,57,1,0,1,0,1,0,0,0,0,4.457228,192
4194304,65243481,5,97859,57,1,0,1,0,1,0,0,0,0,4.457228,191.625
4194304,65243481,6,97859,57,1,0,1,0,1,0,0,0,0,4.457228,191.625
4194304,65243481,7,97859,57,1,0,1,0,1,0,0,0,0,4.457228,191
4194304,65243481,8,97859,57,1,0,1,0,1,0,0,0,0,4.457228,191.75
4194304,65243481,0,97859,61,1,0,1,0,1,0,0,0,0,32.242279,116.375
4194304,65243481,1,97859,61,1,0,1,0,1,0,0,0,0,4.782403,180.5
4194304,65243481,2,97859,61,1,0,1,0,1,0,0,0,0,4.782403,187.75
4194304,65243481,3,97859,61,1,0,1,0,1,0,0,0,0,4.782403,187.375
4194304,65243481,4,97859,61,1,0,1,0,1,0,0,0,0,4.782403,191.625
4194304,65243481,5,97859,61,1,0,1,0,1,0,0,0,0,4.782403,190.75
4194304,65243481,6,97859,61,1,0,1,0,1,0,0,0,0,4.782403,190.875
4194304,65243481,7,97859,61,1,0,1,0,1,0,0,0,0,4.782403,191.25
4194304,65243481,8,97859,61,1,0,1,0,1,0,0,0,0,4.782403,190.75
4194304,65243481,0,97859,144,1,0,1,0,1,0,0,0,0,32.570816,115.75
4194304,65243481,1,97859,144,1,0,1,0,1,0,0,0,0,5.627741,179.5
4194304,65243481,2,97859,144,1,0,1,0,1,0,0,0,0,5.627741,186.125
4194304,65243481,3,97859,144,1,0,1,0,1,0,0,0,0,5.627741,186.75
4194304,65243481,4,97859,144,1,0,1,0,1,0,0,0,0,5.627741,189
4194304,65243481,5,97859,144,1,0,1,0,1,0,0,0,0,5.627741,189.375
4194304,65243481,6,97859,144,1,0,1,0,1,0,0,0,0,5.627741,189.5
4194304,65243481,7,97859,144,1,0,1,0,1,0,0,0,0,5.627741,189.125
4194304,65243481,8,97859,144,1,0,1,0,1,0,0,0,0,5.627741,189
4194304,65243481,0,97859,155,1,0,1,0,1,0,0,0,0,33.197918,115.375
4194304,65243481,1,97859,155,1,0,1,0,1,0,0,0,0,7.053546,177
4194304,65243481,2,97859,155,1,0,1,0,1,0,0,0,0,7.053546,183.875
4194304,65243481,3,97859,155,1,0,1,0,1,0,0,0,0,7.053546,184.625
4194304,65243481,4,97859,155,1,0,1,0,1,0,0,0,0,7.053546,187.5
4194304,65243481,5,97859,155,1,0,1,0,1,0,0,0,0,7.053546,187.25
4194304,65243481,6,97859,155,1,0,1,0,1,0,0,0,0,7.053546,187.5
4194304,65243481,7,97859,155,1,0,1,0,1,0,0,0,0,7.053546,187.875
4194304,65243481,8,97859,155,1,0,1,0,1,0,0,0,0,7.053546,187.375
4194304,65243481,0,97859,164,1,0,1,0,1,0,0,0,0,33.880486,114.5
4194304,65243481,1,97859,164,1,0,1,0,1,0,0,0,0,8.608891,174.5
4194304,65243481,2,97859,164,1,0,1,0,1,0,0,0,0,8.608891,182.25
4194304,65243481,3,97859,164,1,0,1,0,1,0,0,0,0,8.608891,181.875
4194304,65243481,4,97859,164,1,0,1,0,1,0,0,0,0,8.608891,184.375
4194304,65243481,5,97859,164,1,0,1,0,1,0,0,0,0,8.608891,185.125
4194304,65243481,6,97859,164,1,0,1,0,1,0,0,0,0,8.608891,185
4194304,65243481,7,97859,164,1,0,1,0,1,0,0,0,0,8.608891,185
4194304,65243481,8,97859,164,1,0,1,0,1,0,0,0,0,8.608891,183.5
4194304,65243481,0,97859,178,1,0,1,0,1,0,0,0,0,34.528824,113.625
4194304,65243481,1,97859,178,1,0,1,0,1,0,0,0,0,10.145442,172.5
4194304,65243481,2,97859,178,1,0,1,0,1,0,0,0,0,10.145442,180.125
4194304,65243481,3,97859,178,1,0,1,0,1,0,0,0,0,10.145442,179
4194304,65243481,4,97859,178,1,0,1,0,1,0,0,0,0,10.145442,182.125
4194304,65243481,5,97859,178,1,0,1,0,1,0,0,0,0,10.145442,181.125
4194304,65243481,6,97859,178,1,0,1,0,1,0,0,0,0,10.145442,182
4194304,65243481,7,97859,178,1,0,1,0,1,0,0,0,0,10.145442,182
4194304,65243481,8,97859,178,1,0,1,0,1,0,0,0,0,10.145442,181.5
4194304,65243481,0,97859,502,1,0,1,0,1,0,0,0,0,38.154751,109.875
4194304,65243481,1,97859,502,1,0,1,0,1,0,0,0,0,15.381993,161.25
4194304,65243481,2,97859,502,1,0,1,0,1,0,0,0,0,15.381993,169.25
4194304,65243481,3,97859,502,1,0,1,0,1,0,0,0,0,15.381993,168.875
4194304,65243481,4,97859,502,1,0,1,0,1,0,0,0,0,15.381993,171.5
4194304,65243481,5,97859,502,1,0,1,0,1,0,0,0,0,15.381993,172.625
4194304,65243481,6,97859,502,1,0,1,0,1,0,0,0,0,15.381993,172.375
4194304,65243481,7,97859,502,1,0,1,0,1,0,0,0,0,15.381993,171.75
4194304,65243481,8,97859,502,1,0,1,0,1,0,0,0,0,15.381993,171.625
8388608,131155371,0,153106,2,1,0,1,0,1,0,0,0,0,30.843559,207.625
8388608,131155371,1,153106,2,1,0,1,0,1,0,0,0,0,0.123425,352.375
8388608,131155371,2,153106,2,1,0,1,0,1,0,0,0,0,0.114649,369.25
8388608,131155371,3,153106,2,1,0,1,0,1,0,0,0,0,0.114649,382.125
8388608,131155371,4,153106,2,1,0,1,0,1,0,0,0,0,0.114649,383.625
8388608,131155371,5,153106,2,1,0,1,0,1,0,0,0,0,0.114649,386.25
8388608,131155371,6,153106,2,1,0,1,0,1,0,0,0,0,0.114649,390.25
8388608,131155371,7,153106,2,1,0,1,0,1,0,0,0,0,0.114649,390.5
8388608,131155371,8,153106,2,1,0,1,0,1,0,0,0,0,0.114649,391.375
8388608,131155371,0,153106,3,1,0,1,0,1,0,0,0,0,30.844875,209.5
8388608,131155371,1,153106,3,1,0,1,0,1,0,0,0,0,0.19675,352
8388608,131155371,2,153106,3,1,0,1,0,1,0,0,0,0,0.189282,368.625
8388608,131155371,3,153106,3,1,0,1,0,1,0,0,0,0,0.189282,386.375
8388608,131155371,4,153106,3,1,0,1,0,1,0,0,0,0,0.189282,385.75
8388608,131155371,5,153106,3,1,0,1,0,1,0,0,0,0,0.189282,384.75
8388608,131155371,6,153106,3,1,0,1,0,1,0,0,0,0,0.189282,391.125
8388608,131155371,7,153106,3,1,0,1,0,1,0,0,0,0,0.189282,390
8388608,131155371,8,153106,3,1,0,1,0,1,0,0,0,0,0.189282,390.125
8388608,131155371,0,153106,6,1,0,1,0,1,0,0,0,0,30.851646,206.25
8388608,131155371,1,153106,6,1,0,1,0,1,0,0,0,0,0.432493,350.375
8388608,131155371,2,153106,6,1,0,1,0,1,0,0,0,0,0.427775,368.5
8388608,131155371,3,153106,6,1,0,1,0,1,0,0,0,0,0.427775,382.875
8388608,131155371,4,153106,6,1,0,1,0,1,0,0,0,0,0.427775,381
8388608,131155371,5,153106,6,1,0,1,0,1,0,0,0,0,0.427775,382.125
8388608,131155371,6,153106,6,1,0,1,0,1,0,0,0,0,0.427775,389.375
8388608,131155371,7,153106,6,1,0,1,0,1,0,0,0,0,0.427775,388
8388608,131155371,8,153106,6,1,0,1,0,1,0,0,0,0,0.427775,389.875
8388608,131155371,0,153106,9,1,0,1,0,1,0,0,0,0,30.863085,206.75
8388608,131155371,1,153106,9,1,0,1,0,1,0,0,0,0,0.727478,348.125
8388608,131155371,2,153106,9,1,0,1,0,1,0,0,0,0,0.725025,369.25
8388608,131155371,3,153106,9,1,0,1,0,1,0,0,0,0,0.725025,382.75
8388608,131155371,4,153106,9,1,0,1,0,1,0,0,0,0,0.725025,382.625
8388608,131155371,5,153106,9,1,0,1,0,1,0,0,0,0,0.725025,380.375
8388608,131155371,6,153106,9,1,0,1,0,1,0,0,0,0,0.725025,387.375
8388608,131155371,7,153106,9,1,0,1,0,1,0,0,0,0,0.725025,385.75
8388608,131155371,8,153106,9,1,0,1,0,1,0,0,0,0,0.725025,387.375
8388608,131155371,0,153106,20,1,0,1,0,1,0,0,0,0,30.900005,206.625
8388608,131155371,1,153106,20,1,0,1,0,1,0,0,0,0,1.255051,344.25
8388608,131155371,2,153106,20,1,0,1,0,1,0,0,0,0,1.254379,369.25
8388608,131155371,3,153106,20,1,0,1,0,1,0,0,0,0,1.254379,368.75
8388608,131155371,4,153106,20,1,0,1,0,1,0,0,0,0,1.254379,369.125
8388608,131155371,5,153106,20,1,0,1,0,1,0,0,0,0,1.254379,373.625
8388608,131155371,6,153106,20,1,0,1,0,1,0,0,0,0,1.254379,375
8388608,131155371,7,153106,20,1,0,1,0,1,0,0,0,0,1.254379,373.875
8388608,131155371,8,153106,20,1,0,1,0,1,0,0,0,0,1.254379,374.5
8388608,131155371,0,153106,59,1,0,1,0,1,0,0,0,0,31.040569,207.375
8388608,131155371,1,153106,59,1,0,1,0,1,0,0,0,0,2.67962,340
8388608,131155371,2,153106,59,1,0,1,0,1,0,0,0,0,2.67962,353.75
8388608,131155371,3,153106,59,1,0,1,0,1,0,0,0,0,2.67962,351.25
8388608,131155371,4,153106,59,1,0,1,0,1,0,0,0,0,2.67962,358.75
8388608,131155371,5,153106,59,1,0,1,0,1,0,0,0,0,2.67962,360
8388608,131155371,6,153106,59,1,0,1,0,1,0,0,0,0,2.67962,360
8388608,131155371,7,153106,59,1,0,1,0,1,0,0,0,0,2.67962,357.625
8388608,131155371,8,153106,59,1,0,1,0,1,0,0,0,0,2.67962,358.25
8388608,131155371,0,153106,68,1,0,1,0,1,0,0,0,0,31.144491,209
8388608,131155371,1,153106,68,1,0,1,0,1,0,0,0,0,3.142076,335.875
8388608,131155371,2,153106,68,1,0,1,0,1,0,0,0,0,3.142076,350.625
8388608,131155371,3,153106,68,1,0,1,0,1,0,0,0,0,3.142076,349.875
8388608,131155371,4,153106,68,1,0,1,0,1,0,0,0,0,3.142076,359.25
8388608,131155371,5,153106,68,1,0,1,0,1,0,0,0,0,3.142076,357.875
8388608,131155371,6,153106,68,1,0,1,0,1,0,0,0,0,3.142076,356.75
8388608,131155371,7,153106,68,1,0,1,0,1,0,0,0,0,3.142076,354.75
8388608,131155371,8,153106,68,1,0,1,0,1,0,0,0,0,3.142076,355.75
8388608,131155371,0,153106,72,1,0,1,0,1,0,0,0,0,31.246111,208.25
8388608,131155371,1,153106,72,1,0,1,0,1,0,0,0,0,3.602165,333.875
8388608,131155371,2,153106,72,1,0,1,0,1,0,0,0,0,3.602165,352.125
8388608,131155371,3,153106,72,1,0,1,0,1,0,0,0,0,3.602165,349.5
8388608,131155371,4,153106,72,1,0,1,0,1,0,0,0,0,3.602165,357.75
8388608,131155371,5,153106,72,1,0,1,0,1,0,0,0,0,3.602165,355.75
8388608,131155371,6,153106,72,1,0,1,0,1,0,0,0,0,3.602165,354.375
8388608,131155371,7,153106,72,1,0,1,0,1,0,0,0,0,3.602165,357.25
8388608,131155371,8,153106,72,1,0,1,0,1,0,0,0,0,3.602165,358.125
8388608,131155371,0,153106,76,1,0,1,0,1,0,0,0,0,31.37314,209.5
8388608,131155371,1,153106,76,1,0,1,0,1,0,0,0,0,4.191665,331.75
8388608,131155371,2,153106,76,1,0,1,0,1,0,0,0,0,4.191665,348.875
8388608,131155371,3,153106,76,1,0,1,0,1,0,0,0,0,4.191665,346.125
8388608,131155371,4,153106,76,1,0,1,0,1,0,0,0,0,4.191665,352
8388608,131155371,5,153106,76,1,0,1,0,1,0,0,0,0,4.191665,353.75
8388608,131155371,6,153106,76,1,0,1,0,1,0,0,0,0,4.191665,352.875
8388608,131155371,7,153106,76,1,0,1,0,1,0,0,0,0,4.191665,354.375
8388608,131155371,8,153106,76,1,0,1,0,1,0,0,0,0,4.191665,351.625
8388608,131155371,0,153106,79,1,0,1,0,1,0,0,0,0,31.47147,206.875
8388608,131155371,1,153106,79,1,0,1,0,1,0,0,0,0,4.643981,328.5
8388608,131155371,2,153106,79,1,0,1,0,1,0,0,0,0,4.643981,343.625
8388608,131155371,3,153106,79,1,0,1,0,1,0,0,0,0,4.643981,345.125
8388608,131155371,4,153106,79,1,0,1,0,1,0,0,0,0,4.643981,351.75
8388608,131155371,5,153106,79,1,0,1,0,1,0,0,0,0,4.643981,352.875
8388608,131155371,6,153106,79,1,0,1,0,1,0,0,0,0,4.643981,350.875
8388608,131155371,7,153106,79,1,0,1,0,1,0,0,0,0,4.643981,351.375
8388608,131155371,8,153106,79,1,0,1,0,1,0,0,0,0,4.643981,349.375
8388608,131155371,0,153106,84,1,0,1,0,1,0,0,0,0,31.615595,206.25
8388608,131155371,1,153106,84,1,0,1,0,1,0,0,0,0,5.284632,324.875
8388608,131155371,2,153106,84,1,0,1,0,1,0,0,0,0,5.284632,345.125
8388608,131155371,3,153106,84,1,0,1,0,1,0,0,0,0,5.284632,343.625
8388608,131155371,4,153106,84,1,0,1,0,1,0,0,0,0,5.284632,347.125
8388608,131155371,5,153106,84,1,0,1,0,1,0,0,0,0,5.284632,349.875
8388608,131155371,6,153106,84,1,0,1,0,1,0,0,0,0,5.284632,346.625
8388608,131155371,7,153106,84,1,0,1,0,1,0,0,0,0,5.284632,347.875
8388608,131155371,8,153106,84,1,0,1,0,1,0,0,0,0,5.284632,348.625
8388608,131155371,0,153106,92,1,0,1,0,1,0,0,0,0,31.733671,205.125
8388608,131155371,1,153106,92,1,0,1,0,1,0,0,0,0,5.818717,325.875
8388608,131155371,2,153106,92,1,0,1,0,1,0,0,0,0,5.818717,341.125
8388608,131155371,3,153106,92,1,0,1,0,1,0,0,0,0,5.818717,339.25
8388608,131155371,4,153106,92,1,0,1,0,1,0,0,0,0,5.818717,344.75
8388608,131155371,5,153106,92,1,0,1,0,1,0,0,0,0,5.818717,345.5
8388608,131155371,6,153106,92,1,0,1,0,1,0,0,0,0,5.818717,344.5
8388608,131155371,7,153106,92,1,0,1,0,1,0,0,0,0,5.818717,346
8388608,131155371,8,153106,92,1,0,1,0,1,0,0,0,0,5.818717,345.25
8388608,131155371,0,153106,232,1,0,1,0,1,0,0,0,0,32.484909,204
8388608,131155371,1,153106,232,1,0,1,0,1,0,0,0,0,7.559393,317.875
8388608,131155371,2,153106,232,1,0,1,0,1,0,0,0,0,7.559393,333.625
8388608,131155371,3,153106,232,1,0,1,0,1,0,0,0,0,7.559393,335.375
8388608,131155371,4,153106,232,1,0,1,0,1,0,0,0,0,7.559393,337.625
8388608,131155371,5,153106,232,1,0,1,0,1,0,0,0,0,7.559393,337.875
8388608,131155371,6,153106,232,1,0,1,0,1,0,0,0,0,7.559393,339.375
8388608,131155371,7,153106,232,1,0,1,0,1,0,0,0,0,7.559393,339.875
8388608,131155371,8,153106,232,1,0,1,0,1,0,0,0,0,7.559393,340.375
8388608,131155371,0,153106,248,1,0,1,0,1,0,0,0,0,33.520496,205.25
8388608,131155371,1,153106,248,1,0,1,0,1,0,0,0,0,9.914734,310.125
8388608,131155371,2,153106,248,1,0,1,0,1,0,0,0,0,9.914734,324
8388608,131155371,3,153106,248,1,0,1,0,1,0,0,0,0,9.914734,325.375
8388608,131155371,4,153106,248,1,0,1,0,1,0,0,0,0,9.914734,334.25
8388608,131155371,5,153106,248,1,0,1,0,1,0,0,0,0,9.914734,331.5
8388608,131155371,6,153106,248,1,0,1,0,1,0,0,0,0,9.914734,332.875
8388608,131155371,7,153106,248,1,0,1,0,1,0,0,0,0,9.914734,330.625
8388608,131155371,8,153106,248,1,0,1,0,1,0,0,0,0,9.914734,333.625
8388608,131155371,0,153106,732,1,0,1,0,1,0,0,0,0,35.48402,196.125
8388608,131155371,1,153106,732,1,0,1,0,1,0,0,0,0,13.390499,296.625
8388608,131155371,2,153106,732,1,0,1,0,1,0,0,0,0,13.390499,312.375
8388608,131155371,3,153106,732,1,0,1,0,1,0,0,0,0,13.390499,314.375
8388608,131155371,4,153106,732,1,0,1,0,1,0,0,0,0,13.390499,319.625
8388608,131155371,5,153106,732,1,0,1,0,1,0,0,0,0,13.390499,319.25
8388608,131155371,6,153106,732,1,0,1,0,1,0,0,0,0,13.390499,316.5
8388608,131155371,7,153106,732,1,0,1,0,1,0,0,0,0,13.390499,316.5
8388608,131155371,8,153106,732,1,0,1,0,1,0,0,0,0,13.390499,316.375
16777216,263434146,0,238592,2,1,0,1,0,1,0,0,0,0,30.398384,389
16777216,263434146,1,238592,2,1,0,1,0,1,0,0,0,0,0.111335,692.625
16777216,263434146,2,238592,2,1,0,1,0,1,0,0,0,0,0.103499,717.625
16777216,263434146,3,238592,2,1,0,1,0,1,0,0,0,0,0.103499,749.25
16777216,263434146,4,238592,2,1,0,1,0,1,0,0,0,0,0.103499,749
16777216,263434146,5,238592,2,1,0,1,0,1,0,0,0,0,0.103499,740.625
16777216,263434146,6,238592,2,1,0,1,0,1,0,0,0,0,0.103499,758.375
16777216,263434146,7,238592,2,1,0,1,0,1,0,0,0,0,0.103499,761.75
16777216,263434146,8,238592,2,1,0,1,0,1,0,0,0,0,0.103499,764.625
16777216,263434146,0,238592,3,1,0,1,0,1,0,0,0,0,30.399433,382.625
16777216,263434146,1,238592,3,1,0,1,0,1,0,0,0,0,0.185057,695.125
16777216,263434146,2,238592,3,1,0,1,0,1,0,0,0,0,0.178399,719.25
16777216,263434146,3,238592,3,1,0,1,0,1,0,0,0,0,0.178399,742.75
16777216,263434146,4,238592,3,1,0,1,0,1,0,0,0,0,0.178399,752.125
16777216,263434146,5,238592,3,1,0,1,0,1,0,0,0,0,0.178399,752
16777216,263434146,6,238592,3,1,0,1,0,1,0,0,0,0,0.178399,759.875
16777216,263434146,7,238592,3,1,0,1,0,1,0,0,0,0,0.178399,757.125
16777216,263434146,8,238592,3,1,0,1,0,1,0,0,0,0,0.178399,766.75
16777216,263434146,0,238592,5,1,0,1,0,1,0,0,0,0,30.402163,380.875
16777216,263434146,1,238592,5,1,0,1,0,1,0,0,0,0,0.332427,676.375
16777216,263434146,2,238592,5,1,0,1,0,1,0,0,0,0,0.327806,720.625
16777216,263434146,3,238592,5,1,0,1,0,1,0,0,0,0,0.327806,744.625
16777216,263434146,4,238592,5,1,0,1,0,1,0,0,0,0,0.327806,736.875
16777216,263434146,5,238592,5,1,0,1,0,1,0,0,0,0,0.327806,746.375
16777216,263434146,6,238592,5,1,0,1,0,1,0,0,0,0,0.327806,760.125
16777216,263434146,7,238592,5,1,0,1,0,1,0,0,0,0,0.327806,754.375
16777216,263434146,8,238592,5,1,0,1,0,1,0,0,0,0,0.327806,762.5
16777216,263434146,0,238592,10,1,0,1,0,1,0,0,0,0,30.413733,386.75
16777216,263434146,1,238592,10,1,0,1,0,1,0,0,0,0,0.662715,672.875
16777216,263434146,2,238592,10,1,0,1,0,1,0,0,0,0,0.660415,715
16777216,263434146,3,238592,10,1,0,1,0,1,0,0,0,0,0.660415,743.125
16777216,263434146,4,238592,10,1,0,1,0,1,0,0,0,0,0.660415,734.75
16777216,263434146,5,238592,10,1,0,1,0,1,0,0,0,0,0.660415,736.25
16777216,263434146,6,238592,10,1,0,1,0,1,0,0,0,0,0.660415,757.375
16777216,263434146,7,238592,10,1,0,1,0,1,0,0,0,0,0.660415,756.875
16777216,263434146,8,238592,10,1,0,1,0,1,0,0,0,0,0.660415,749.75
16777216,263434146,0,238592,15,1,0,1,0,1,0,0,0,0,30.432657,391.625
16777216,263434146,1,238592,15,1,0,1,0,1,0,0,0,0,1.124303,671
16777216,263434146,2,238592,15,1,0,1,0,1,0,0,0,0,1.123693,711.75
16777216,263434146,3,238592,15,1,0,1,0,1,0,0,0,0,1.123693,712.125
16777216,263434146,4,238592,15,1,0,1,0,1,0,0,0,0,1.123693,723
16777216,263434146,5,238592,15,1,0,1,0,1,0,0,0,0,1.123693,721.125
16777216,263434146,6,238592,15,1,0,1,0,1,0,0,0,0,1.123693,728.625
16777216,263434146,7,238592,15,1,0,1,0,1,0,0,0,0,1.123693,731
16777216,263434146,8,238592,15,1,0,1,0,1,0,0,0,0,1.123693,733.125
16777216,263434146,0,238592,40,1,0,1,0,1,0,0,0,0,30.574831,386
16777216,263434146,1,238592,40,1,0,1,0,1,0,0,0,0,2.627151,653.375
16777216,263434146,2,238592,40,1,0,1,0,1,0,0,0,0,2.627121,700.625
16777216,263434146,3,238592,40,1,0,1,0,1,0,0,0,0,2.627121,698.25
16777216,263434146,4,238592,40,1,0,1,0,1,0,0,0,0,2.627121,694.25
16777216,263434146,5,238592,40,1,0,1,0,1,0,0,0,0,2.627121,717
16777216,263434146,6,238592,40,1,0,1,0,1,0,0,0,0,2.627121,725.75
16777216,263434146,7,238592,40,1,0,1,0,1,0,0,0,0,2.627121,711.25
16777216,263434146,8,238592,40,1,0,1,0,1,0,0,0,0,2.627121,715.875
16777216,263434146,0,238592,42,1,0,1,0,1,0,0,0,0,30.595865,398.375
16777216,263434146,1,238592,42,1,0,1,0,1,0,0,0,0,2.829868,650.5
16777216,263434146,2,238592,42,1,0,1,0,1,0,0,0,0,2.829844,695.125
16777216,263434146,3,238592,42,1,0,1,0,1,0,0,0,0,2.829844,702
16777216,263434146,4,238592,42,1,0,1,0,1,0,0,0,0,2.829844,699.5
16777216,263434146,5,238592,42,1,0,1,0,1,0,0,0,0,2.829844,707.375
16777216,263434146,6,238592,42,1,0,1,0,1,0,0,0,0,2.829844,719
16777216,263434146,7,238592,42,1,0,1,0,1,0,0,0,0,2.829844,715.5
16777216,263434146,8,238592,42,1,0,1,0,1,0,0,0,0,2.829844,713.625
16777216,263434146,0,238592,45,1,0,1,0,1,0,0,0,0,30.618111,384.875
16777216,263434146,1,238592,45,1,0,1,0,1,0,0,0,0,3.044518,650.875
16777216,263434146,2,238592,45,1,0,1,0,1,0,0,0,0,3.044508,691
16777216,263434146,3,238592,45,1,0,1,0,1,0,0,0,0,3.044508,692.25
16777216,263434146,4,238592,45,1,0,1,0,1,0,0,0,0,3.044508,708
16777216,263434146,5,238592,45,1,0,1,0,1,0,0,0,0,3.044508,708.5
16777216,263434146,6,238592,45,1,0,1,0,1,0,0,0,0,3.044508,705.25
16777216,263434146,7,238592,45,1,0,1,0,1,0,0,0,0,3.044508,709.375
16777216,263434146,8,238592,45,1,0,1,0,1,0,0,0,0,3.044508,709.875
16777216,263434146,0,238592,99,1,0,1,0,1,0,0,0,0,30.679789,378.75
16777216,263434146,1,238592,99,1,0,1,0,1,0,0,0,0,3.419345,645.75
16777216,263434146,2,238592,99,1,0,1,0,1,0,0,0,0,3.419345,679
16777216,263434146,3,238592,99,1,0,1,0,1,0,0,0,0,3.419345,667.375
16777216,263434146,4,238592,99,1,0,1,0,1,0,0,0,0,3.419345,684.5
16777216,263434146,5,238592,99,1,0,1,0,1,0,0,0,0,3.419345,688
16777216,263434146,6,238592,99,1,0,1,0,1,0,0,0,0,3.419345,681.75
16777216,263434146,7,238592,99,1,0,1,0,1,0,0,0,0,3.419345,679.375
16777216,263434146,8,238592,99,1,0,1,0,1,0,0,0,0,3.419345,693.125
16777216,263434146,0,238592,109,1,0,1,0,1,0,0,0,0,30.850319,380.125
16777216,263434146,1,238592,109,1,0,1,0,1,0,0,0,0,4.141821,635.625
16777216,263434146,2,238592,109,1,0,1,0,1,0,0,0,0,4.141821,672.125
16777216,263434146,3,238592,109,1,0,1,0,1,0,0,0,0,4.141821,675.25
16777216,263434146,4,238592,109,1,0,1,0,1,0,0,0,0,4.141821,682
16777216,263434146,5,238592,109,1,0,1,0,1,0,0,0,0,4.141821,689.25
16777216,263434146,6,238592,109,1,0,1,0,1,0,0,0,0,4.141821,688.75
16777216,263434146,7,238592,109,1,0,1,0,1,0,0,0,0,4.141821,674.75
16777216,263434146,8,238592,109,1,0,1,0,1,0,0,0,0,4.141821,676.375
16777216,263434146,0,238592,115,1,0,1,0,1,0,0,0,0,31.028334,386.125
16777216,263434146,1,238592,115,1,0,1,0,1,0,0,0,0,4.903445,629
16777216,263434146,2,238592,115,1,0,1,0,1,0,0,0,0,4.903445,659.25
16777216,263434146,3,238592,115,1,0,1,0,1,0,0,0,0,4.903445,666.5
16777216,263434146,4,238592,115,1,0,1,0,1,0,0,0,0,4.903445,667.875
16777216,263434146,5,238592,115,1,0,1,0,1,0,0,0,0,4.903445,670.125
16777216,263434146,6,238592,115,1,0,1,0,1,0,0,0,0,4.903445,674.875
16777216,263434146,7,238592,115,1,0,1,0,1,0,0,0,0,4.903445,669.75
16777216,263434146,8,238592,115,1,0,1,0,1,0,0,0,0,4.903445,671.5
16777216,263434146,0,238592,121,1,0,1,0,1,0,0,0,0,31.213531,388.75
16777216,263434146,1,238592,121,1,0,1,0,1,0,0,0,0,5.708259,623
16777216,263434146,2,238592,121,1,0,1,0,1,0,0,0,0,5.708259,655.375
16777216,263434146,3,238592,121,1,0,1,0,1,0,0,0,0,5.708259,660
16777216,263434146,4,238592,121,1,0,1,0,1,0,0,0,0,5.708259,673.25
16777216,263434146,5,238592,121,1,0,1,0,1,0,0,0,0,5.708259,667.25
16777216,263434146,6,238592,121,1,0,1,0,1,0,0,0,0,5.708259,674.875
16777216,263434146,7,238592,121,1,0,1,0,1,0,0,0,0,5.708259,675.875
16777216,263434146,8,238592,121,1,0,1,0,1,0,0,0,0,5.708259,674.375
16777216,263434146,0,238592,130,1,0,1,0,1,0,0,0,0,31.411686,385.375
16777216,263434146,1,238592,130,1,0,1,0,1,0,0,0,0,6.567007,627.875
16777216,263434146,2,238592,130,1,0,1,0,1,0,0,0,0,6.567007,645.75
16777216,263434146,3,238592,130,1,0,1,0,1,0,0,0,0,6.567007,645.375
16777216,263434146,4,238592,130,1,0,1,0,1,0,0,0,0,6.567007,662.5
16777216,263434146,5,238592,130,1,0,1,0,1,0,0,0,0,6.567007,660.75
16777216,263434146,6,238592,130,1,0,1,0,1,0,0,0,0,6.567007,662.125
16777216,263434146,7,238592,130,1,0,1,0,1,0,0,0,0,6.567007,672.75
16777216,263434146,8,238592,130,1,0,1,0,1,0,0,0,0,6.567007,668.25
16777216,263434146,0,238592,357,1,0,1,0,1,0,0,0,0,32.38018,378.5
16777216,263434146,1,238592,357,1,0,1,0,1,0,0,0,0,8.841676,612.25
16777216,263434146,2,238592,357,1,0,1,0,1,0,0,0,0,8.841676,633.375
16777216,263434146,3,238592,357,1,0,1,0,1,0,0,0,0,8.841676,634.25
16777216,263434146,4,238592,357,1,0,1,0,1,0,0,0,0,8.841676,641.625
16777216,263434146,5,238592,357,1,0,1,0,1,0,0,0,0,8.841676,658.25
16777216,263434146,6,238592,357,1,0,1,0,1,0,0,0,0,8.841676,644.125
16777216,263434146,7,238592,357,1,0,1,0,1,0,0,0,0,8.841676,645.625
16777216,263434146,8,238592,357,1,0,1,0,1,0,0,0,0,8.841676,654.25
16777216,263434146,0,238592,387,1,0,1,0,1,0,0,0,0,33.951298,372.125
16777216,263434146,1,238592,387,1,0,1,0,1,0,0,0,0,12.365639,569.875
16777216,263434146,2,238592,387,1,0,1,0,1,0,0,0,0,12.365639,609.875
16777216,263434146,3,238592,387,1,0,1,0,1,0,0,0,0,12.365639,603.125
16777216,263434146,4,238592,387,1,0,1,0,1,0,0,0,0,12.365639,612.375
16777216,263434146,5,238592,387,1,0,1,0,1,0,0,0,0,12.365639,621.5
16777216,263434146,6,238592,387,1,0,1,0,1,0,0,0,0,12.365639,622.375
16777216,263434146,7,238592,387,1,0,1,0,1,0,0,0,0,12.365639,612
16777216,263434146,8,238592,387,1,0,1,0,1,0,0,0,0,12.365639,621.875
33554432,528693459,0,372162,2,1,0,1,0,1,0,0,0,0,29.91815,691.5
33554432,528693459,1,372162,2,1,0,1,0,1,0,0,0,0,0.102916,1305.875
33554432,528693459,2,372162,2,1,0,1,0,1,0,0,0,0,0.096016,1371.25
33554432,528693459,3,372162,2,1,0,1,0,1,0,0,0,0,0.096016,1432.5
33554432,528693459,4,372162,2,1,0,1,0,1,0,0,0,0,0.096016,1441.625
33554432,528693459,5,372162,2,1,0,1,0,1,0,0,0,0,0.096016,1439.125
33554432,528693459,6,372162,2,1,0,1,0,1,0,0,0,0,0.096016,1472.75
33554432,528693459,7,372162,2,1,0,1,0,1,0,0,0,0,0.096016,1463.125
33554432,528693459,0,372162,3,1,0,1,0,1,0,0,0,0,29.919157,697.875
33554432,528693459,1,372162,3,1,0,1,0,1,0,0,0,0,0.164759,1304
33554432,528693459,2,372162,3,1,0,1,0,1,0,0,0,0,0.158881,1372.625
33554432,528693459,3,372162,3,1,0,1,0,1,0,0,0,0,0.158881,1438.375
33554432,528693459,4,372162,3,1,0,1,0,1,0,0,0,0,0.158881,1435.75
33554432,528693459,5,372162,3,1,0,1,0,1,0,0,0,0,0.158881,1449.5
33554432,528693459,6,372162,3,1,0,1,0,1,0,0,0,0,0.158881,1456.625
33554432,528693459,7,372162,3,1,0,1,0,1,0,0,0,0,0.158881,1470.125
33554432,528693459,0,372162,5,1,0,1,0,1,0,0,0,0,29.921303,710
33554432,528693459,1,372162,5,1,0,1,0,1,0,0,0,0,0.309476,1303.5
33554432,528693459,2,372162,5,1,0,1,0,1,0,0,0,0,0.305302,1372.375
33554432,528693459,3,372162,5,1,0,1,0,1,0,0,0,0,0.305302,1430.875
33554432,528693459,4,372162,5,1,0,1,0,1,0,0,0,0,0.305302,1414.625
33554432,528693459,5,372162,5,1,0,1,0,1,0,0,0,0,0.305302,1438.5
33554432,528693459,6,372162,5,1,0,1,0,1,0,0,0,0,0.305302,1454.5
33554432,528693459,7,372162,5,1,0,1,0,1,0,0,0,0,0.305302,1460.25
33554432,528693459,0,372162,8,1,0,1,0,1,0,0,0,0,29.925337,716.5
33554432,528693459,1,372162,8,1,0,1,0,1,0,0,0,0,0.514442,1298.75
33554432,528693459,2,372162,8,1,0,1,0,1,0,0,0,0,0.512224,1380.5
33554432,528693459,3,372162,8,1,0,1,0,1,0,0,0,0,0.512224,1425.125
33554432,528693459,4,372162,8,1,0,1,0,1,0,0,0,0,0.512224,1429.25
33554432,528693459,5,372162,8,1,0,1,0,1,0,0,0,0,0.512224,1417.75
33554432,528693459,6,372162,8,1,0,1,0,1,0,0,0,0,0.512224,1455.75
33554432,528693459,7,372162,8,1,0,1,0,1,0,0,0,0,0.512224,1461.625
33554432,528693459,0,372162,17,1,0,1,0,1,0,0,0,0,29.946348,721.5
33554432,528693459,1,372162,17,1,0,1,0,1,0,0,0,0,1.039453,1283.875
33554432,528693459,2,372162,17,1,0,1,0,1,0,0,0,0,1.038675,1356.375
33554432,528693459,3,372162,17,1,0,1,0,1,0,0,0,0,1.038675,1416.875
33554432,528693459,4,372162,17,1,0,1,0,1,0,0,0,0,1.038675,1414
33554432,528693459,5,372162,17,1,0,1,0,1,0,0,0,0,1.038675,1427.5
33554432,528693459,6,372162,17,1,0,1,0,1,0,0,0,0,1.038675,1446.25
33554432,528693459,7,372162,17,1,0,1,0,1,0,0,0,0,1.038675,1433.125
33554432,528693459,0,372162,53,1,0,1,0,1,0,0,0,0,30.0571,702
33554432,528693459,1,372162,53,1,0,1,0,1,0,0,0,0,2.430865,1237.125
33554432,528693459,2,372162,53,1,0,1,0,1,0,0,0,0,2.43086,1348.625
33554432,528693459,3,372162,53,1,0,1,0,1,0,0,0,0,2.43086,1338.5
33554432,528693459,4,372162,53,1,0,1,0,1,0,0,0,0,2.43086,1342.5
33554432,528693459,5,372162,53,1,0,1,0,1,0,0,0,0,2.43086,1370.625
33554432,528693459,6,372162,53,1,0,1,0,1,0,0,0,0,2.43086,1367.25
33554432,528693459,7,372162,53,1,0,1,0,1,0,0,0,0,2.43086,1365
33554432,528693459,0,372162,55,1,0,1,0,1,0,0,0,0,30.082687,708.125
33554432,528693459,1,372162,55,1,0,1,0,1,0,0,0,0,2.661203,1237.25
33554432,528693459,2,372162,55,1,0,1,0,1,0,0,0,0,2.661198,1331.5
33554432,528693459,3,372162,55,1,0,1,0,1,0,0,0,0,2.661198,1326.5
33554432,528693459,4,372162,55,1,0,1,0,1,0,0,0,0,2.661198,1340.5
33554432,528693459,5,372162,55,1,0,1,0,1,0,0,0,0,2.661198,1353.75
33554432,528693459,6,372162,55,1,0,1,0,1,0,0,0,0,2.661198,1355.375
33554432,528693459,7,372162,55,1,0,1,0,1,0,0,0,0,2.661198,1346.25
33554432,528693459,0,372162,58,1,0,1,0,1,0,0,0,0,30.122046,702.25
33554432,528693459,1,372162,58,1,0,1,0,1,0,0,0,0,3.014229,1225.625
33554432,528693459,2,372162,58,1,0,1,0,1,0,0,0,0,3.014224,1329.125
33554432,528693459,3,372162,58,1,0,1,0,1,0,0,0,0,3.014224,1325
33554432,528693459,4,372162,58,1,0,1,0,1,0,0,0,0,3.014224,1313.625
33554432,528693459,5,372162,58,1,0,1,0,1,0,0,0,0,3.014224,1343.625
33554432,528693459,6,372162,58,1,0,1,0,1,0,0,0,0,3.014224,1347
33554432,528693459,7,372162,58,1,0,1,0,1,0,0,0,0,3.014224,1349.625
33554432,528693459,0,372162,61,1,0,1,0,1,0,0,0,0,30.156496,707.5
33554432,528693459,1,372162,61,1,0,1,0,1,0,0,0,0,3.331456,1224.375
33554432,528693459,2,372162,61,1,0,1,0,1,0,0,0,0,3.331455,1329
33554432,528693459,3,372162,61,1,0,1,0,1,0,0,0,0,3.331455,1311.25
33554432,528693459,4,372162,61,1,0,1,0,1,0,0,0,0,3.331455,1323
33554432,528693459,5,372162,61,1,0,1,0,1,0,0,0,0,3.331455,1353.625
33554432,528693459,6,372162,61,1,0,1,0,1,0,0,0,0,3.331455,1356.375
33554432,528693459,7,372162,61,1,0,1,0,1,0,0,0,0,3.331455,1344.5
33554432,528693459,0,372162,65,1,0,1,0,1,0,0,0,0,30.189804,704.25
33554432,528693459,1,372162,65,1,0,1,0,1,0,0,0,0,3.634883,1220
33554432,528693459,2,372162,65,1,0,1,0,1,0,0,0,0,3.634882,1324.75
33554432,528693459,3,372162,65,1,0,1,0,1,0,0,0,0,3.634882,1333.875
33554432,528693459,4,372162,65,1,0,1,0,1,0,0,0,0,3.634882,1343
33554432,528693459,5,372162,65,1,0,1,0,1,0,0,0,0,3.634882,1349
33554432,528693459,6,372162,65,1,0,1,0,1,0,0,0,0,3.634882,1335.75
33554432,528693459,7,372162,65,1,0,1,0,1,0,0,0,0,3.634882,1341.125
33554432,528693459,0,372162,153,1,0,1,0,1,0,0,0,0,30.253563,701
33554432,528693459,1,372162,153,1,0,1,0,1,0,0,0,0,4.048386,1205
33554432,528693459,2,372162,153,1,0,1,0,1,0,0,0,0,4.048386,1256.125
33554432,528693459,3,372162,153,1,0,1,0,1,0,0,0,0,4.048386,1262.375
33554432,528693459,4,372162,153,1,0,1,0,1,0,0,0,0,4.048386,1292.875
33554432,528693459,5,372162,153,1,0,1,0,1,0,0,0,0,4.048386,1289.5
33554432,528693459,6,372162,153,1,0,1,0,1,0,0,0,0,4.048386,1288.875
33554432,528693459,7,372162,153,1,0,1,0,1,0,0,0,0,4.048386,1286.875
33554432,528693459,0,372162,170,1,0,1,0,1,0,0,0,0,30.533882,705.25
33554432,528693459,1,372162,170,1,0,1,0,1,0,0,0,0,5.153821,1190.75
33554432,528693459,2,372162,170,1,0,1,0,1,0,0,0,0,5.153821,1255.75
33554432,528693459,3,372162,170,1,0,1,0,1,0,0,0,0,5.153821,1243
33554432,528693459,4,372162,170,1,0,1,0,1,0,0,0,0,5.153821,1279.5
33554432,528693459,5,372162,170,1,0,1,0,1,0,0,0,0,5.153821,1271.25
33554432,528693459,6,372162,170,1,0,1,0,1,0,0,0,0,5.153821,1269.25
33554432,528693459,7,372162,170,1,0,1,0,1,0,0,0,0,5.153821,1268.625
33554432,528693459,0,372162,180,1,0,1,0,1,0,0,0,0,30.826756,687
33554432,528693459,1,372162,180,1,0,1,0,1,0,0,0,0,6.360688,1166.25
33554432,528693459,2,372162,180,1,0,1,0,1,0,0,0,0,6.360688,1227.875
33554432,528693459,3,372162,180,1,0,1,0,1,0,0,0,0,6.360688,1232
33554432,528693459,4,372162,180,1,0,1,0,1,0,0,0,0,6.360688,1253.625
33554432,528693459,5,372162,180,1,0,1,0,1,0,0,0,0,6.360688,1257.125
33554432,528693459,6,372162,180,1,0,1,0,1,0,0,0,0,6.360688,1256.625
33554432,528693459,7,372162,180,1,0,1,0,1,0,0,0,0,6.360688,1248
33554432,528693459,0,372162,195,1,0,1,0,1,0,0,0,0,31.13969,692.125
33554432,528693459,1,372162,195,1,0,1,0,1,0,0,0,0,7.662943,1142.25
33554432,528693459,2,372162,195,1,0,1,0,1,0,0,0,0,7.662943,1209.375
33554432,528693459,3,372162,195,1,0,1,0,1,0,0,0,0,7.662943,1208.25
33554432,528693459,4,372162,195,1,0,1,0,1,0,0,0,0,7.662943,1215
33554432,528693459,5,372162,195,1,0,1,0,1,0,0,0,0,7.662943,1228.75
33554432,528693459,6,372162,195,1,0,1,0,1,0,0,0,0,7.662943,1228.5
33554432,528693459,7,372162,195,1,0,1,0,1,0,0,0,0,7.662943,1238.875
33554432,528693459,0,372162,561,1,0,1,0,1,0,0,0,0,33.016605,651.625
33554432,528693459,1,372162,561,1,0,1,0,1,0,0,0,0,11.66595,1077.75
33554432,528693459,2,372162,561,1,0,1,0,1,0,0,0,0,11.66595,1134.25
33554432,528693459,3,372162,561,1,0,1,0,1,0,0,0,0,11.66595,1137.875
33554432,528693459,4,372162,561,1,0,1,0,1,0,0,0,0,11.66595,1153.875
33554432,528693459,5,372162,561,1,0,1,0,1,0,0,0,0,11.66595,1172.5
33554432,528693459,6,372162,561,1,0,1,0,1,0,0,0,0,11.66595,1149
33554432,528693459,7,372162,561,1,0,1,0,1,0,0,0,0,11.66595,1154.25